canonical_ingredient,vendor,sku,product_name,category,unit,invoice_line_count,first_invoice_date,last_invoice_date,latest_quantity,latest_unit_price,latest_extended_price,latest_match_source
american cheese yellow 160,"Premier Deli Services, Inc.",644,American Cheese Yellow 160,Dairy,LB,1,2026-04-08,2026-04-08,750,3.85,2887.5,sku
bag t-shirt white 12x7x22 17mic with warning,Individual FoodService,18676,Bag T-Shirt White 12x7x22 17mic with Warning,Paper/Supplies,CS,1,2026-03-19,2026-03-19,1,19.75,19.75,sku
bleach 6% epa registered,Individual FoodService,24541,Bleach 6% EPA Registered,Cleaning,CS,1,2026-04-06,2026-04-06,1,25.72,25.72,sku
can liner 40 x 46 1.5 mil black roll,Individual FoodService,40X46ROLL,Can Liner 40X46 1.5 Mil Black Roll,Cleaning,CS,1,2026-03-30,2026-03-30,1,35.28,35.28,sku
can liner 40 x 46 1.5 mil black roll,Individual FoodService,40X46ROLL,Can Liner 40X46 1.5 Mil Blk Roll,Paper/Supplies,CS,1,2026-04-17,2026-04-17,1,35.28,35.28,sku
can liner 40 x 46 1.5 mil black roll,Individual FoodService,40X46ROLL,Can Liner 40X46 1.5 mil Black Roll,Paper/Supplies,CS,1,2026-04-23,2026-04-23,1,35.28,35.28,sku
can liner 40 x 46 1.5 mil black roll,Individual FoodService,40X46ROLL,Can Liner 40 x 46 1.5 Mil Black Roll,Paper/Supplies,CS,1,2026-02-26,2026-02-26,1,35.28,35.28,sku
can liner 40 x 46 1.5 mil black roll,Individual FoodService,40X46ROLL,Can Liner 40x46 1.5 Mil Black Roll,Paper/Supplies,CS,2,2026-03-12,2026-03-26,1,35.28,35.28,sku
can liner 40 x 46 1.5 mil black roll,Individual FoodService,40X46ROLL,Can Liner 40x46 1.5 Mil Blk Roll,Paper/Supplies,CS,1,2026-04-13,2026-04-13,1,35.28,35.28,sku
can liner 40 x 46 1.5 mil black roll,Individual FoodService,40X46ROLL,Can Liner 40x46 1.5 mil Black Roll,Paper/Supplies,CS,1,2026-03-23,2026-03-23,1,35.28,35.28,sku
can liner 40 x 46 1.5 mil black roll,Individual FoodService,40X46ROLL,Can Liner Black Roll,Other,CS,1,2026-03-02,2026-03-02,1,35.28,35.28,sku
chris & eddy's house sauce,Bear State Kitchen,17211,CHRIS & EDDY'S HOUSE SAUCE,Other,CS,1,2026-01-15,2026-01-15,72,46.85,3373.2,sku
chris & eddy's house sauce,Vitco Foodservice,15725,Chris & Eddy's House Sce,Dry Goods,CS,1,2026-04-23,2026-04-23,20,108.89,2177.8,sku
chris & eddy's house sauce,Vitco Foodservice,15726,Chris & Eddy's House Sauce,Dry Goods,CS,1,2026-04-23,2026-04-23,10,50.6,506,sku
chrsned bag plas tshirt logo ptsbchrisneddy,Sysco,7380317,Bag Plastic T-Shirt Logo,Paper/Supplies,CS,1,2026-03-30,2026-03-30,4,64.52,258.08,sku
chrsned bag plas tshirt logo ptsbchrisneddy,Sysco,7380317,Chris N Eddy's Plastic T-shirt Logo Bag,Paper/Supplies,CS,1,2026-03-09,2026-03-09,2,64.52,129.04,sku
chrsned bag plas tshirt logo ptsbchrisneddy,"Sysco Los Angeles, Inc.",7380317,CHRSNED Bag Plas Tshirt Logo PTSBCHRISNEDDY,Paper/Supplies,CS,1,2026-03-26,2026-03-26,4,64.52,258.08,sku
chrsned bag plas tshirt logo ptsbchrisneddy,"Sysco Los Angeles, Inc.",7380317,Chrsned Bag Plas Tshirt Logo Ptsbchrisneddy,Paper/Supplies,CS,1,2026-04-16,2026-04-16,4,64.52,258.08,sku
chrsned bag plas tshirt logo ptsbchrisneddy,"Sysco Los Angeles, Inc.",7380317,Chrsned Bag Plastic T-Shirt Logo,Paper/Supplies,CS,1,2026-03-19,2026-03-19,2,64.52,129.04,sku
chrsned bag plas tshirt logo ptsbchrisneddy,"Sysco Los Angeles, Inc.",7380317,Ed's Bag Plastic T-shirt Logo,Paper/Supplies,CS,1,2026-02-23,2026-02-23,4,64.52,258.08,sku
cont foam hing lrg wht hoagie,Individual FoodService,15898,Cont Foam Hing Lrg Wht Hoagie,Paper/Supplies,CS,1,2026-04-17,2026-04-17,5,33.89,169.45,sku
,Individual FoodService,24190,Container Bagasse PF 9X9X3 1-Comp,Paper/Supplies,CS,1,2026-04-23,2026-04-23,6,46.98,281.88,
container foam 1-compartment bagged,Individual FoodService,HT91-BAG,Cont Foam 9X9 1-Comp Bagged,Paper/Supplies,CS,1,2026-02-23,2026-02-23,2,33.41,66.82,sku
container foam 1-compartment bagged,Individual FoodService,HT91-BAG,Cont Foam 9x9 1-Comp Bagged,Paper/Supplies,CS,2,2026-03-23,2026-04-17,2,33.41,66.82,sku
container foam 1-compartment bagged,Individual FoodService,HT91-BAG,Cont Foam 9x9 1-comp Bagged,Paper/Supplies,CS,1,2026-04-20,2026-04-20,2,33.41,66.82,sku
container foam 1-compartment bagged,Individual FoodService,HT91-BAG,Cont Foam Bagged,Paper/Supplies,CS,1,2026-03-02,2026-03-02,2,30.95,61.9,sku
container foam 1-compartment bagged,Individual FoodService,HT91-BAG,Container Foam 1-Compartment Bagged,Paper/Supplies,CS,1,2026-03-09,2026-03-09,3,30.95,92.85,sku
container foam 1-compartment bagged,Individual FoodService,HT91-BAG,Container Foam 9X9 1-Comp Bagged,Paper/Supplies,CS,2,2026-03-30,2026-04-27,2,33.41,66.82,sku
container foam 1-compartment bagged,Individual FoodService,HT91-BAG,Container Foam 9X9 1-Comp Bagged -BF,Paper/Supplies,CS,1,2026-04-23,2026-04-23,4,33.41,133.64,sku
container foam 1-compartment bagged,Individual FoodService,HT91-BAG,Container Foam 9X9 1-Compartment Bagged,Paper/Supplies,CS,1,2026-04-06,2026-04-06,4,30.95,123.8,sku
container foam 1-compartment bagged,Individual FoodService,HT91-BAG,Container Foam 9x9 1-Comp Bagged,Paper/Supplies,CS,3,2026-02-26,2026-04-16,2,33.41,66.82,sku
container foam 1-compartment bagged,Individual FoodService,HT91-BAG,Container Foam 9x9 1-Compartment Bagged,Paper/Supplies,CS,1,2026-03-19,2026-03-19,4,30.95,123.8,sku
container foam 1-compartment bagged,Individual FoodService,HT91-BAG,Container foam 1 compartment bagged,Paper/Supplies,CS,1,2026-03-13,2026-03-13,4,30.95,123.8,sku
container foam 1-compartment bagged,Individual FoodService,HT91-BAG,Foam Bag 9X9 1-Comp,Paper/Supplies,CS,1,2026-04-20,2026-04-20,2,33.41,66.82,sku
container foam 1-compartment bagged,Individual FoodService,HT91-BAG,Cont Foam 9X9 1-Comp Bagged -BF,Paper/Supplies,CS,1,2026-03-16,2026-03-16,3,30.95,92.85,sku
container foam 6x6x3 medium hinged square,Individual FoodService,X80,Container Foam 6x6x3 Medium Hinged Square,Paper/Supplies,CS,1,2026-04-16,2026-04-16,1,43.58,43.58,sku
container foam 6x6x3 medium hinged square,Individual FoodService,X80,Cont Foam Medium Hinged Square,Paper/Supplies,CS,1,2026-03-02,2026-03-02,1,40.36,40.36,sku
container foam 6x6x3 medium white bagged,Individual FoodService,X80-BAG,Container Foam 6X6X3 Medium White Bagged,Paper/Supplies,CS,1,2026-04-27,2026-04-27,1,43.57,43.57,sku
container foam 6x6x3 medium white bagged,Individual FoodService,X80-BAG,Container Foam 6x6x3 Medium White Bagged,Paper/Supplies,CS,2,2026-02-26,2026-03-19,1,43.57,43.57,sku
container foam hinged white 9x6.5x2.5,Individual FoodService,965-REY,Cont Foam Hngd Wht 9X6.5X2.5,Paper/Supplies,CS,3,2026-02-23,2026-04-13,6,29.75,178.5,sku
container foam hinged white 9x6.5x2.5,Individual FoodService,965-REY,Cont Foam Hinged White,Paper/Supplies,CS,2,2026-03-02,2026-04-23,6,32.12,0,sku
container foam hinged white 9x6.5x2.5,Individual FoodService,965-REY,Cont Foam Hinged White 9x6.5x2.5,Paper/Supplies,CS,1,2026-03-23,2026-03-23,5,29.75,148.75,sku
container foam hinged white 9x6.5x2.5,Individual FoodService,965-REY,Container Foam Hinged White,Paper/Supplies,CS,3,2026-02-26,2026-04-16,0,32.12,0,sku
container foam hinged white 9x6.5x2.5,Individual FoodService,965-REY,Container Foam Hinged White 9X6.5X2.5,Paper/Supplies,CS,3,2026-03-30,2026-04-27,7,32.12,224.84,sku
container foam hinged white 9x6.5x2.5,Individual FoodService,965-REY,Container Foam Hinged White 9x6.5x2.5,Paper/Supplies,CS,2,2026-03-19,2026-03-26,7,32.12,224.84,sku
container foam hinged white 9x6.5x2.5,Individual FoodService,965-REY,Container foam hinged white,Paper/Supplies,CS,1,2026-03-13,2026-03-13,0,32.12,0,sku
ctecocrft paper wax deli,"Sysco Los Angeles, Inc.",1234271,EcoCraft Paper Wax Deli,Paper/Supplies,CS,1,2026-03-03,2026-03-03,1,95,95,sku
cup plastic 10 oz clear pp,Individual FoodService,PBS10-CUP,Cup plastic 10 oz clear,Paper/Supplies,CS,1,2026-03-13,2026-03-13,1,47.86,47.86,sku
cup plastic 10 oz clear pp,Individual FoodService,PBS10-CUP,Plastic Cup 10 oz Clear PP,Paper/Supplies,CS,1,2026-04-23,2026-04-23,1,47.86,47.86,sku
cup plastic 10 oz clear pp,Individual FoodService,PBS10-CUP,Cup Plastic 10 OZ Clear PP,Paper/Supplies,CS,1,2026-03-30,2026-03-30,1,47.86,47.86,sku
cup portion plastic 2 oz clear,Individual FoodService,61250,Cup Portion Plastic 2 oz Clear,Paper/Supplies,CS,4,2026-03-19,2026-04-20,1,27.83,27.83,sku
cup portion plastic 2 oz clear,Individual FoodService,61250,Cup Portion Plastic Clear,Paper/Supplies,CS,2,2026-03-30,2026-04-27,1,27.83,27.83,sku
cup portion plastic 2 oz clear,Individual FoodService,61250,Portion Plastic Cup Clear,Paper/Supplies,CS,1,2026-04-20,2026-04-20,1,27.83,27.83,sku
cup portion plastic 2 oz clear,Individual FoodService,61250,Cup Portion Plastic 2 OZ Clear,Paper/Supplies,CS,1,2026-04-16,2026-04-16,1,27.83,27.83,sku
cutlery fork full size extra heavy black pp,Individual FoodService,IFS-PPF-B,Cutlery Fork Full Size Heavy Black Plastic,Paper/Supplies,CS,1,2026-04-16,2026-04-16,1,19.98,19.98,sku
cutlery fork full size extra heavy black pp,Individual FoodService,IFS-PPF-B,Cutlery Fork Full Sz Xhvy Blk Pp,Paper/Supplies,CS,1,2026-04-13,2026-04-13,1,19.98,19.98,sku
cutlery fork full size extra heavy black pp,Individual FoodService,IFS-PPF-B,Cutlery Fork Full Size Extra Heavy Black PP,Paper/Supplies,CS,3,2026-03-09,2026-03-30,1,19.98,19.98,sku
degreaser - regal brand,Individual FoodService,12158,Degreaser - Regal Brand,Cleaning,CS,2,2026-02-23,2026-04-13,1,22.28,22.28,sku
embossed bath tissue 2-ply recycled individually wrapped,Individual FoodService,30394,Emboss Bath Tissue 2-Ply Recycled Individually Wrapped,Paper/Supplies,CS,1,2026-02-26,2026-02-26,1,62.14,62.14,sku
embossed bath tissue 2-ply recycled individually wrapped,Individual FoodService,30394,Emboss Bath Tissue 2ply Recy Ind Wrp,Paper/Supplies,CS,1,2026-04-20,2026-04-20,1,62.14,62.14,sku
embossed bath tissue 2-ply recycled individually wrapped,Individual FoodService,30394,Emboss Bath Tissue 2ply Recycled Industrial Wrap,Paper/Supplies,CS,1,2026-02-23,2026-02-23,1,62.13,62.13,sku
embossed bath tissue 2-ply recycled individually wrapped,Individual FoodService,30394,Embossed Bath Tissue 2-ply Recycled Individually Wrapped,Paper/Supplies,CS,1,2026-03-26,2026-03-26,1,62.14,62.14,sku
embossed bath tissue 2-ply recycled individually wrapped,Individual FoodService,30394,Emboss Bath Tissue 2 Ply,Paper/Supplies,CS,1,2026-04-20,2026-04-20,1,62.14,62.14,sku
erthpls bowl pulp oval,"Sysco Los Angeles, Inc.",7381771,EarthPlus Bowl Pulp Oval,Paper/Supplies,CS,1,2026-03-03,2026-03-03,1,154.99,154.99,sku
erthpls lid plastic clear dome for burrito,"Sysco Los Angeles, Inc.",4919571,EarthPlus Lid Plastic Clear Dome for Burrito,Paper/Supplies,CS,1,2026-03-03,2026-03-03,1,94.43,94.43,sku
fuel surcharge,Individual FoodService,,Fuel Charge,Other,,7,2026-03-02,2026-04-27,1,7.75,7.75,alias
fuel surcharge,Sysco,,CHGS For Fuel Surcharge,Other,,1,2026-04-03,2026-04-03,1,10,10,alias
fuel surcharge,Sysco,,CHGS for Fuel Surcharge,Other,,1,2026-04-23,2026-04-23,1,10,10,alias
fuel surcharge,Sysco,,Fuel Surcharge,Other,,3,2026-04-02,2026-04-25,1,10,10,alias
fuel surcharge,Sysco,,CHGS FOR FUEL SURCHARGE,Other,,1,2026-04-27,2026-04-27,1,10,10,alias
fuel surcharge,"Sysco Los Angeles, Inc.",,Miscellaneous Charges Fuel Surcharge,,,1,2026-02-19,2026-02-19,1,8.95,8.95,alias
fuel surcharge,"Sysco Los Angeles, Inc.",,Fuel Surcharge,Other,,6,2026-02-21,2026-04-20,1,10,10,alias
fuel surcharge,Vitco Foodservice,,Fuel Surcharge,Other,,1,2026-04-23,2026-04-23,1,9,9,alias
greeno cup pet 20 oz c&d pet,Sysco,7370699,Greeno Cup PET 20 oz,Paper/Supplies,CS,3,2026-03-09,2026-04-27,1,96.55,96.55,sku
greeno cup pet 20 oz c&d pet,"Sysco Los Angeles, Inc.",7370699,Greeno Cup PET 20 OZ C&D PET,Paper/Supplies,CS,1,2026-03-26,2026-03-26,2,96.55,193.1,sku
greeno cup pet 20 oz c&d pet,"Sysco Los Angeles, Inc.",7370699,Greeno Cup PET 20 oz,Paper/Supplies,CS,2,2026-03-19,2026-04-16,2,96.55,193.1,sku
greeno cup pet 20 oz c&d pet,"Sysco Los Angeles, Inc.",7370699,Greeno Cup 20 oz Pet,Paper/Supplies,CS,1,2026-02-23,2026-02-23,2,96.55,193.1,sku
greeno lid flat with hole 20 oz pe pet,Sysco,7190716,Greeno Lid Flat w/Hole 20oz PE,Paper/Supplies,CS,1,2026-04-06,2026-04-06,1,71.45,71.45,sku
greeno lid flat with hole 20 oz pe pet,Sysco,7190716,Greeno Lid Flat with Hole 20oz,Paper/Supplies,CS,1,2026-04-27,2026-04-27,2,71.45,142.9,sku
greeno lid flat with hole 20 oz pe pet,Sysco,7190716,Greeno Lid Flat with Hole 20oz PE PET,Paper/Supplies,CS,1,2026-03-09,2026-03-09,2,71.45,142.9,sku
greeno lid flat with hole 20 oz pe pet,"Sysco Los Angeles, Inc.",7190716,Greeno Lid Flat with Hole 20oz PE Pet,Paper/Supplies,CS,1,2026-02-23,2026-02-23,2,71.45,142.9,sku
greeno lid flat with hole 20 oz pe pet,"Sysco Los Angeles, Inc.",7190716,Greeno Lid Flat W/Hole 20OZ PE PET,Paper/Supplies,CS,1,2026-03-26,2026-03-26,3,71.45,214.35,sku
greeno lid flat with hole 20 oz pe pet,"Sysco Los Angeles, Inc.",7190716,Greeno Lid Flat W/Hole 20oz PET,Paper/Supplies,CS,1,2026-04-16,2026-04-16,2,71.45,142.9,sku
greeno lid flat with hole 20 oz pe pet,"Sysco Los Angeles, Inc.",7190716,Greeno Lid Flat with Hole 20 oz PE PET,Paper/Supplies,CS,1,2026-03-19,2026-03-19,2,71.45,142.9,sku
ground beef fine grnd 73/27 creekstone,Premier Meats,0014046-01,GROUND BEEF FINE GRND 73/27 CREEKSTONE,Meat,LB,3,2026-04-09,2026-04-13,82.02,4.37,358.43,sku
ground beef fine grnd 73/27 creekstone,Premier Meats & Crystal Bay,0014046-01,Ground Beef Fine Grnd 73/27 Creekstone,Meat,LB,4,2026-03-10,2026-03-21,694.27,4.32,2999.25,sku
ground beef fine grnd 73/27 creekstone,Premier Meats & Crystal Bay,0014046-01,GROUND BEEF FINE GRND 73/27 CREEKSTONE,Meat,LB,14,2026-03-04,2026-04-27,694.27,4.32,2999.25,sku
ground beef fine grnd 73/27 creekstone,Premier Meats & Crystal Bay,0014046-01,Ground Beef Fine GRND 73/27 Creekstone,Meat,LB,1,2026-03-26,2026-03-26,694.27,4.32,2999.25,sku
ground beef fine grnd 73/27 creekstone,"Sysco Los Angeles, Inc.",1029562,Beef Ground Bulk 75/25 Chub,Meat,LB,1,2026-04-20,2026-04-20,910,4.507,4098.22,sku
,Premier Meats & Crystal Bay,,GROUND BEEF FINE GRND 73/27 CREEKSTONE Return/Cancelled Order,Meat,LB,1,2026-04-23,2026-04-23,-623.02,4.32,-2691.45,
hellmann mayonnaise extra heavy,Sysco,6004857,Hellmann Mayonnaise Extra Heavy,Dry Goods,CS,2,2026-04-06,2026-04-09,8,107.95,863.6,sku
hellmann mayonnaise extra heavy,Sysco,6004857,Hellman Mayonnaise Extra HVY,Dry Goods,CS,1,2026-03-28,2026-03-28,8,107.95,863.6,sku
hellmann mayonnaise extra heavy,"Sysco Los Angeles, Inc.",6004857,Hellmann Mayonnaise Extra Heavy,Dry Goods,CS,1,2026-04-20,2026-04-20,8,107.95,863.6,sku
imported fresh tomato bulk 5x6 fresh,Sysco,1763432,Impfrsh Tomato Bulk 5x6 Fresh,Produce,CS,1,2026-03-12,2026-03-12,2,58.46,116.92,sku
imported fresh tomato bulk 5x6 fresh,Sysco,1763432,Imported Fresh Tomato Bulk 5x6,Produce,CS,6,2026-03-09,2026-04-09,3,84.3,252.9,sku
imported fresh tomato bulk 5x6 fresh,Sysco,1763432,Tomato Bulk 5x6 Fresh,Produce,CS,3,2026-04-18,2026-04-27,2,107.66,215.32,sku
imported fresh tomato bulk 5x6 fresh,Sysco,1763432,Tomato Bulk Fresh 5x6,Produce,CS,1,2026-04-18,2026-04-18,2,84.77,169.54,sku
imported fresh tomato bulk 5x6 fresh,Sysco,1763432,Tomato bulk 5x6 fresh,Produce,CS,1,2026-04-25,2026-04-25,2,107.66,215.32,sku
imported fresh tomato bulk 5x6 fresh,Sysco,1763432,IMPFRSH Tomato Bulk 5X6 Fresh,Produce,CS,1,2026-03-28,2026-03-28,2,58.46,116.92,sku
imported fresh tomato bulk 5x6 fresh,Sysco,1763432,IMPFRSH TOMATO BULK 5X6 FRESH,Produce,CS,3,2026-03-05,2026-03-16,2,58.46,116.92,sku
imported fresh tomato bulk 5x6 fresh,"Sysco Los Angeles, Inc.",1763432,IMPFRSH TOMATO BULK 5X6 FRESH,Produce,CS,1,2026-02-28,2026-02-28,2,84.3,168.6,sku
imported fresh tomato bulk 5x6 fresh,"Sysco Los Angeles, Inc.",1763432,Fresh Tomato Bulk 5x6,Produce,CS,1,2026-04-16,2026-04-16,1,84.77,84.77,sku
imported fresh tomato bulk 5x6 fresh,"Sysco Los Angeles, Inc.",1763432,IMPFRSH Tomato Bulk 5X6 Fresh,Produce,CS,1,2026-03-26,2026-03-26,2,84.3,168.6,sku
imported fresh tomato bulk 5x6 fresh,"Sysco Los Angeles, Inc.",1763432,ImpFrsh Tomato Bulk 5x6 Fresh,Produce,CS,1,2026-03-21,2026-03-21,2,84.3,168.6,sku
imported fresh tomato bulk 5x6 fresh,"Sysco Los Angeles, Inc.",1763432,Impfrsh Tomato Bulk 5X6 Fresh,Produce,CS,2,2026-03-07,2026-04-11,2,84.3,168.6,sku
imported fresh tomato bulk 5x6 fresh,"Sysco Los Angeles, Inc.",1763432,Impfrsh Tomato Bulk 5x6 Fresh,Produce,CS,2,2026-02-21,2026-03-23,2,84.3,168.6,sku
imported fresh tomato bulk 5x6 fresh,"Sysco Los Angeles, Inc.",1763432,Imported Fresh Tomato Bulk 5x6,Produce,CS,4,2026-03-02,2026-04-20,1,96.24,96.24,sku
imported fresh tomato bulk 5x6 fresh,"Sysco Los Angeles, Inc.",1763432,Imported Fresh Tomato Bulk 5x6 Fresh,Produce,CS,1,2026-02-23,2026-02-23,3,42.53,127.59,sku
imported fresh tomato bulk 5x6 fresh,"Sysco Los Angeles, Inc.",1763432,Tomato Bulk 5x6 Fresh,Produce,CS,1,2026-02-26,2026-02-26,2,42.53,85.06,sku
ketchup heinz 33% fancy,Individual FoodService,G212,Ketchup Heinz 33% Fancy,Dry Goods,CS,7,2026-03-26,2026-04-20,2,47.87,95.74,sku
ketchup packets foil,Individual FoodService,G1025,Ketchup Packets Foil,Dry Goods,CS,6,2026-02-23,2026-04-23,2,25.87,51.74,sku
ketchup vol-pack heinz,Individual FoodService,G216,Ketchup Vol-Pack Heinz,Dry Goods,CS,3,2026-03-30,2026-04-27,1,42.82,42.82,sku
ketchup vol-pack heinz,Individual FoodService,G216,Ketchup Voll-Pack Heinz,Dry Goods,CS,1,2026-03-19,2026-03-19,1,42.02,42.02,sku
keyston sanitizer multi quat liq,Sysco,8116788,Keystone Sanitizer Multi Quat Liquid,Cleaning,CS,1,2026-04-09,2026-04-09,1,96.55,96.55,sku
keyston sanitizer multi quat liq,Sysco,8116788,Keyston Sanitizer Multi Quat Liq,Cleaning,CS,1,2026-03-12,2026-03-12,1,96.55,96.55,sku
keyston sanitizer multi quat liq,"Sysco Los Angeles, Inc.",8116788,Keyston Sanitizer Multi Quat Liq,Cleaning,CS,1,2026-03-26,2026-03-26,1,96.55,96.55,sku
kosher flake coarse salt,Sysco,6040760,Salt Kosher Flake Coarse,Dry Goods,CS,1,2026-04-23,2026-04-23,1,57.99,57.99,sku
kosher flake coarse salt,"Sysco Los Angeles, Inc.",6040760,Kosher Flake Coarse Salt,Dry Goods,CS,1,2026-02-26,2026-02-26,1,57.99,57.99,sku
lamb potato fry ss 1/4 stealth,Sysco,2141760,Lamb Potato Fry Steakhouse,Frozen,CS,1,2026-04-04,2026-04-04,16,38,608,sku
lamb potato fry ss 1/4 stealth,Sysco,2141760,Lamb Potato Fry Stealth,Frozen,CS,1,2026-04-09,2026-04-09,16,38,608,sku
lamb potato fry ss 1/4 stealth,Sysco,2141760,LAMB POTATO FRY SS 1/4 STEALTH,Frozen,CS,2,2026-03-05,2026-03-14,18,38,684,sku
lamb potato fry ss 1/4 stealth,Sysco,2141760,Potato Fry SS 1/4 Stealth,Frozen,CS,3,2026-03-12,2026-04-23,16,38,608,sku
lamb potato fry ss 1/4 stealth,Sysco,2141760,Potato Fry Seasoned 1/4 Stealth,Frozen,CS,1,2026-03-09,2026-03-09,18,38,684,sku
lamb potato fry ss 1/4 stealth,Sysco,2141760,POTATO FRY SS 1/4 STEALTH,Frozen,CS,1,2026-03-16,2026-03-16,16,38,608,sku
lamb potato fry ss 1/4 stealth,Sysco,2141760,Lamb Potato Fry SS 1/4 Stealth,Frozen,CS,6,2026-03-05,2026-04-18,18,38,684,sku
lamb potato fry ss 1/4 stealth,"Sysco Los Angeles, Inc.",2141760,Lamb Potato Fry SS 1/4 Stealth,Frozen,CS,4,2026-02-26,2026-03-25,18,38,684,sku
lamb potato fry ss 1/4 stealth,"Sysco Los Angeles, Inc.",2141760,LAMB Potato Fry SS 1/4 Stealth,Frozen,CS,1,2026-03-26,2026-03-26,18,38,684,sku
lamb potato fry ss 1/4 stealth,"Sysco Los Angeles, Inc.",2141760,POTATO FRY SS 1/4 STEALTH,Frozen,CS,1,2026-02-28,2026-02-28,18,38,684,sku
lamb potato fry ss 1/4 stealth,"Sysco Los Angeles, Inc.",2141760,Potato Fry SS 1/4 Stealth,Frozen,CS,10,2026-02-19,2026-04-20,18,38,684,sku
"lid portion plastic 1.5, 2, 2.5 oz",Individual FoodService,61254,"Lid Portion Plastic 1.5, 2, 2.5 oz",Paper/Supplies,CS,4,2026-03-19,2026-04-20,1,26.16,26.16,sku
"lid portion plastic 1.5, 2, 2.5 oz",Individual FoodService,61254,Portion Plastic Lid,Paper/Supplies,CS,1,2026-04-20,2026-04-20,1,26.16,26.16,sku
"lid portion plastic 1.5, 2, 2.5 oz",Individual FoodService,61254,Lid Portion Plastic,Paper/Supplies,CS,2,2026-03-30,2026-04-27,1,26.16,26.16,sku
"lid portion plastic 1.5, 2, 2.5 oz",Individual FoodService,61254,"Lid Portion Plast 1.5,2,2.5oz",Paper/Supplies,CS,1,2026-04-13,2026-04-13,2,26.16,52.32,sku
lyon medium syrup chocolate free flow,"Sysco Los Angeles, Inc.",1405521,Lyon Medium Syrup Chocolate Free Flow,Dry Goods,CS,1,2026-02-19,2026-02-19,4,82.36,329.44,sku
lyon medium syrup chocolate free flow,"Sysco Los Angeles, Inc.",1405521,Lyon M Syrup Chocolate Free Flow,Dry Goods,CS,1,2026-03-07,2026-03-07,2,82.36,164.72,sku
lyon medium syrup strawberry rtu,"Sysco Los Angeles, Inc.",5296108,Lyon M Syrup Strawberry RTU,Dry Goods,CS,1,2026-03-07,2026-03-07,2,87.66,175.32,sku
lyon medium syrup strawberry rtu,"Sysco Los Angeles, Inc.",5296108,Lyon Medium Syrup Strawberry RTU,Dry Goods,CS,1,2026-02-19,2026-02-19,4,87.66,350.64,sku
martins bread potato roll sandwich 3.5 inch,Sysco,3589484,Martin's Bread Potato Roll Sandwich 3.5 Oz,Frozen,CS,1,2026-04-04,2026-04-04,20,23.42,468.4,sku
martins bread potato roll sandwich 3.5 inch,Sysco,3589484,Martin's Bread Potato Roll Sandwich 3.5 oz,Frozen,CS,1,2026-04-18,2026-04-18,20,23.42,468.4,sku
martins bread potato roll sandwich 3.5 inch,Sysco,3589484,Martins Bread Potato Roll SNDW,Bakery,CS,1,2026-03-05,2026-03-05,15,23.42,351.3,sku
martins bread potato roll sandwich 3.5 inch,Sysco,3589484,Martins Bread Potato Roll SNDW,Frozen,CS,1,2026-03-12,2026-03-12,15,23.42,351.3,sku
martins bread potato roll sandwich 3.5 inch,Sysco,3589484,Martins Bread Potato Roll SNDW 3.5I,Frozen,CS,1,2026-03-28,2026-03-28,25,23.25,581.25,sku
martins bread potato roll sandwich 3.5 inch,Sysco,3589484,Martins Bread Potato Roll Sandwich,Frozen,CS,1,2026-04-06,2026-04-06,25,23.42,585.5,sku
martins bread potato roll sandwich 3.5 inch,Sysco,3589484,Martins Bread Potato Roll Sandwich 3.5 inch,Frozen,CS,1,2026-03-09,2026-03-09,30,23.25,697.5,sku
martins bread potato roll sandwich 3.5 inch,Sysco,3589484,Martins Bread Potato Roll Sandwich 3.5 inches,Frozen,CS,1,2026-04-02,2026-04-02,15,23.42,351.3,sku
martins bread potato roll sandwich 3.5 inch,Sysco,3589484,Martins Bread Potato Roll Sandwich 3.5I,Frozen,CS,2,2026-03-30,2026-04-18,20,23.42,468.4,sku
martins bread potato roll sandwich 3.5 inch,Sysco,3589484,Martins Bread Potato Roll Sandwich 3.5oz,Frozen,CS,1,2026-04-09,2026-04-09,25,23.42,585.5,sku
martins bread potato roll sandwich 3.5 inch,Sysco,3589484,Martins Bread Potato Roll Sndw,Bakery,CS,1,2026-04-21,2026-04-21,15,23.42,351.3,sku
martins bread potato roll sandwich 3.5 inch,Sysco,3589484,Potato Roll Sandwich 3.5I,Bakery,CS,1,2026-04-23,2026-04-23,30,23.42,702.6,sku
martins bread potato roll sandwich 3.5 inch,Sysco,3589484,MARTINS BREAD POTATO ROLL SNDW 3.5I,Frozen,CS,2,2026-03-05,2026-03-14,25,23.25,581.25,sku
martins bread potato roll sandwich 3.5 inch,Sysco,3589484,MARTINS BREAD POTATO ROLL SNDW 3.5I,Bakery,CS,1,2026-03-16,2026-03-16,25,23.25,581.25,sku
martins bread potato roll sandwich 3.5 inch,"Sysco Los Angeles, Inc.",00500520,Martins Bread Potato Roll SNDW 3.5I,Frozen,CS,1,2026-03-23,2026-03-23,30,23.25,697.5,sku
martins bread potato roll sandwich 3.5 inch,"Sysco Los Angeles, Inc.",3589484,Martins Bread Potato Roll Sandwich 3.5,Bakery,CS,1,2026-03-25,2026-03-25,40,23.25,930,sku
martins bread potato roll sandwich 3.5 inch,"Sysco Los Angeles, Inc.",3589484,Martins Bread Potato Roll Sandwich 3.5 inch,Bakery,CS,1,2026-03-19,2026-03-19,25,23.25,581.25,sku
martins bread potato roll sandwich 3.5 inch,"Sysco Los Angeles, Inc.",3589484,Martins Bread Potato Roll Sandwich 3.5 oz,Frozen,CS,1,2026-04-10,2026-04-10,10,23.42,234.2,sku
martins bread potato roll sandwich 3.5 inch,"Sysco Los Angeles, Inc.",3589484,"Martins Bread Potato Roll Sandwich 3.5""",Bakery,CS,1,2026-02-19,2026-02-19,25,23.25,581.25,sku
martins bread potato roll sandwich 3.5 inch,"Sysco Los Angeles, Inc.",3589484,Martins Bread Potato Roll Sandwich 3.5I,Frozen,CS,3,2026-02-26,2026-04-11,25,23.42,585.5,sku
martins bread potato roll sandwich 3.5 inch,"Sysco Los Angeles, Inc.",3589484,Martins Bread Potato Roll Sandwich 3.5i,Frozen,CS,1,2026-02-23,2026-02-23,25,23.42,585.5,sku
martins bread potato roll sandwich 3.5 inch,"Sysco Los Angeles, Inc.",3589484,Martins Bread Potato Roll Sandwich 3.5oz,Frozen,CS,2,2026-03-02,2026-04-13,20,23.42,468.4,sku
martins bread potato roll sandwich 3.5 inch,"Sysco Los Angeles, Inc.",3589484,Martins Bread Potato Roll Sndw,Frozen,CS,1,2026-04-16,2026-04-16,25,23.42,585.5,sku
martins bread potato roll sandwich 3.5 inch,"Sysco Los Angeles, Inc.",3589484,Martins Bread Potato Roll Sndw 3.5I,Frozen,CS,2,2026-02-21,2026-03-21,25,23.25,581.25,sku
martins bread potato roll sandwich 3.5 inch,"Sysco Los Angeles, Inc.",3589484,MARTINS BREAD POTATO ROLL SNDW,Frozen,CS,1,2026-02-28,2026-02-28,25,23.42,585.5,sku
martins bread potato roll sandwich 3.5 inch,"Sysco Los Angeles, Inc.",3589484,Martins Bread Potato Roll SNDW 3.5I,Frozen,CS,1,2026-03-26,2026-03-26,25,23.25,581.25,sku
mustard packets 5.5 g,Individual FoodService,G108,Mustard Packets 5.5 g,Dry Goods,CS,1,2026-03-26,2026-03-26,1,16.77,16.77,sku
mustard packets 5.5gr,Individual FoodService,G106,Mustard Packets 5.5GR,Dry Goods,CS,1,2026-04-16,2026-04-16,1,11.68,11.68,sku
mustard packets 5.5gr,Individual FoodService,G106,Mustard Packets,Dry Goods,CS,2,2026-03-02,2026-04-20,1,11.68,11.68,sku
mustard packets 5.5gr,Individual FoodService,G106,Mustard Packets 5.5GR PPI,Dry Goods,CS,1,2026-04-06,2026-04-06,1,11.68,11.68,sku
mustard packets 5.5gr,Individual FoodService,G106,Mustard Pkts 5.5GR PPI,Dry Goods,CS,1,2026-03-16,2026-03-16,1,11.45,11.45,sku
mustard packets 5.5gr,Individual FoodService,G106,Mustard Pkts 5.5gr,Dry Goods,CS,1,2026-04-20,2026-04-20,1,11.68,11.68,sku
napkin dispenser 2-ply 8.5 x 6.5 white,Individual FoodService,18418,Napkin Dispenser 2-Ply White,Paper/Supplies,CS,3,2026-04-16,2026-04-27,1,39.87,39.87,sku
napkin dispenser 2-ply 8.5 x 6.5 white,Individual FoodService,18418,Napkin Dispenser 2-ply White,Paper/Supplies,CS,1,2026-03-02,2026-03-02,1,39.87,39.87,sku
napkin dispenser 2-ply 8.5 x 6.5 white,Individual FoodService,18418,Napkin Dispenser 2-Ply 8.5x6.5 White,Paper/Supplies,CS,2,2026-03-09,2026-04-13,1,39.87,39.87,sku
napkin dispenser 2-ply 8.5 x 6.5 white,Individual FoodService,18418,Napkin Dispenser 2-Ply White 8.5x6.5,Paper/Supplies,CS,1,2026-03-19,2026-03-19,1,39.87,39.87,sku
napkin dispenser 2-ply 8.5 x 6.5 white,Individual FoodService,18418,Napkin Dispenser 2-Ply 8.5 x 6.5 White,Equipment,CS,1,2026-02-26,2026-02-26,1,39.87,39.87,sku
napkin dispenser 2-ply 8.5 x 6.5 white,Individual FoodService,18418,Napkin Dispenser 2-Ply 8.5X6.5 White,Paper/Supplies,CS,1,2026-04-06,2026-04-06,1,39.87,39.87,sku
napkin dispenser 2-ply 8.5 x 6.5 white,Individual FoodService,18418,Napkin Dispenser 2-Ply White,Equipment,CS,1,2026-03-12,2026-03-12,1,39.87,39.87,sku
napkin dispenser 2-ply 8.5 x 6.5 white,Individual FoodService,18418,Napkin Dispenser 2-ply 8.5x6.5 White,Paper/Supplies,CS,2,2026-03-26,2026-04-20,1,39.87,39.87,sku
napkin dispenser 2-ply 8.5 x 6.5 white,Individual FoodService,,Napkin Dispenser 2-Ply 8.5x6.5 White,Equipment,CS,1,2026-03-23,2026-03-23,1,39.87,39.87,alias
packer lettuce boston hydroponic,Sysco,2717106,Packer Lettuce BSTN Hydroponic,Produce,CS,2,2026-03-12,2026-03-28,4,26.89,107.56,sku
packer lettuce boston hydroponic,Sysco,2717106,Packer Lettuce Boston Hydroponic,Produce,CS,7,2026-03-09,2026-04-09,4,26.89,107.56,sku
packer lettuce boston hydroponic,Sysco,2717106,PACKER LETTUCE BSTN HYDROPONIC,Produce,CS,3,2026-03-05,2026-03-16,4,26.89,107.56,sku
packer lettuce boston hydroponic,Sysco,2717106,Lettuce Boston Hydroponic,Produce,CS,4,2026-04-18,2026-04-27,2,26.89,53.78,sku
packer lettuce boston hydroponic,Sysco,2717106,Lettuce Boston hydroponic,Produce,CS,1,2026-04-25,2026-04-25,2,26.89,53.78,sku
packer lettuce boston hydroponic,"Sysco Los Angeles, Inc.",1008200,Propack Lettuce Boston Butter Fresh,Produce,CS,1,2026-04-20,2026-04-20,3,31.85,95.55,sku
packer lettuce boston hydroponic,"Sysco Los Angeles, Inc.",2717106,Packer Lettuce Bstn Hydroponic,Produce,CS,2,2026-02-21,2026-03-21,5,26.89,134.45,sku
packer lettuce boston hydroponic,"Sysco Los Angeles, Inc.",2717106,PACKER LETTUCE BSTN HYDROPONIC,Produce,CS,1,2026-02-28,2026-02-28,5,26.89,134.45,sku
packer lettuce boston hydroponic,"Sysco Los Angeles, Inc.",2717106,Packer Lettuce BSTN Hydroponic,Produce,CS,3,2026-03-23,2026-04-16,5,26.89,134.45,sku
packer lettuce boston hydroponic,"Sysco Los Angeles, Inc.",2717106,Packer Lettuce Boston Hydroponic,Produce,CS,7,2026-02-19,2026-04-13,2,26.89,53.78,sku
packer lettuce boston hydroponic,"Sysco Los Angeles, Inc.",2717106,Lettuce Boston Hydroponic,Produce,CS,1,2026-02-26,2026-02-26,5,26.89,134.45,sku
packer onion sweet fresh,Sysco,3812807,PACKER ONION SWEET FRSH,Produce,CS,3,2026-03-05,2026-03-16,3,41.55,124.65,sku
packer onion sweet fresh,Sysco,3812807,Onion Sweet Fresh,Produce,CS,4,2026-04-18,2026-04-27,3,37.95,113.85,sku
packer onion sweet fresh,Sysco,3812807,Onion sweet fresh,Produce,CS,1,2026-04-25,2026-04-25,3,37.95,113.85,sku
packer onion sweet fresh,Sysco,3812807,Packer Onion Sweet Fresh,Produce,CS,8,2026-03-05,2026-04-09,4,37.95,151.8,sku
packer onion sweet fresh,Sysco,3812807,Packer Onion Sweet Frsh,Produce,CS,1,2026-03-12,2026-03-12,3,41.55,124.65,sku
packer onion sweet fresh,"Sysco Los Angeles, Inc.",3812807,Packer Onion Sweet FRSH,Produce,CS,1,2026-03-26,2026-03-26,3,41.55,124.65,sku
packer onion sweet fresh,"Sysco Los Angeles, Inc.",3812807,Packer Onion Sweet Fresh,Produce,CS,10,2026-02-19,2026-04-20,2,37.95,75.9,sku
packer onion sweet fresh,"Sysco Los Angeles, Inc.",3812807,Packer Onion Sweet Frsh,Produce,CS,3,2026-02-21,2026-03-23,3,41.55,124.65,sku
packer onion sweet fresh,"Sysco Los Angeles, Inc.",3812807,PACKER ONION SWEET FRSH,Produce,CS,1,2026-02-28,2026-02-28,3,41.55,124.65,sku
packer onion sweet fresh,"Sysco Los Angeles, Inc.",3812807,Onion Sweet Fresh,Produce,CS,1,2026-02-26,2026-02-26,3,38.95,116.85,sku
paper patty 5.5 x 5.5 dry wax,Individual FoodService,PP5,Ppr Patty 5.5x5.5 Dry Wax,Paper/Supplies,EA,1,2026-04-17,2026-04-17,5,10.56,52.8,sku
paper patty 5.5 x 5.5 dry wax,Individual FoodService,PP5,Paper Patty 5.5 x 5.5 Dry Wax,Paper/Supplies,EA,1,2026-02-26,2026-02-26,24,10.56,253.44,sku
paper patty 5.5 x 5.5 dry wax,Individual FoodService,PP5,Paper Patty 5.5x5.5 Dry Wax,Paper/Supplies,EA,3,2026-03-12,2026-04-16,24,10.56,253.44,sku
paper roll thermal 3-1/8 x 220 ft bpa/bps free,Individual FoodService,32096,Paper Roll Thermal BPA/BPS Free,Paper/Supplies,CS,1,2026-04-23,2026-04-23,1,62.43,62.43,sku
paper roll thermal 3-1/8 x 220 ft bpa/bps free,Individual FoodService,32096,Paper Roll Thermal 3-1/8 x 220 ft BPA/BPS Free,Paper/Supplies,CS,1,2026-03-26,2026-03-26,1,62.43,62.43,sku
peppers whole yellow,Individual FoodService,G299,Peppers Whole Yellow,Produce,TUB,10,2026-02-23,2026-04-27,1,48.85,48.85,sku
peppers whole yellow,Individual FoodService,G299,Peppers whole yellow,Produce,TUB,1,2026-03-13,2026-03-13,1,48.85,48.85,sku
"pickle chips sandwich cut 1/8""","Premier Deli Services, Inc.",813,Pickle Chips Sandwich Cut,Produce,EA,1,2026-04-08,2026-04-08,4,36,144,sku
relish sweet,Individual FoodService,G1464,Relish Sweet,Dry Goods,CS,6,2026-03-26,2026-04-23,2,69.57,0,sku
relish sweet,"Sysco Los Angeles, Inc.",4036448,Heinz Relish Sweet Green,Dry Goods,CS,1,2026-04-20,2026-04-20,2,93.95,187.9,sku
soap dish liquid premium,Individual FoodService,210529,Soap Dish Liquid Premium,Cleaning,CS,5,2026-02-23,2026-04-16,1,33.76,33.76,sku
soap dish liquid premium,Individual FoodService,HAND-SOAP,Hand Liquid Soap Lemon Yellow,Cleaning,CS,1,2026-04-20,2026-04-20,1,28.39,28.39,sku
soap dish liquid premium,Individual FoodService,HAND-SOAP,Soap Hand Liquid Lemon Yellow,Cleaning,CS,1,2026-04-20,2026-04-20,1,28.39,28.39,sku
soda coke mexican glass,Individual FoodService,G7234,Soda Coke Mexican Glass,Beverages,CS,14,2026-02-23,2026-04-27,2,46.57,93.14,sku
soda orange fanta mexican glass,Individual FoodService,G7246,Soda Orange Fanta Mexican Glass,Beverages,CS,8,2026-02-23,2026-04-23,2,43.01,86.02,sku
soda sprite mexican glass crv inc,Individual FoodService,G7244,Soda Sprite Mexican Glass CRV Inc,Beverages,CS,2,2026-03-19,2026-04-16,1,43.01,43.01,sku
soda sprite mexican glass crv inc,Individual FoodService,G7244,Soda Sprite Mexican Glass CRV Included,Beverages,CS,1,2026-04-06,2026-04-06,1,43.01,43.01,sku
soda sprite mexican glass crv inc,Individual FoodService,G7244,Soda Sprite Mexican Glass Crv Inc,Beverages,CS,2,2026-03-12,2026-03-16,1,43.01,43.01,sku
soda sprite mexican glass crv inc,Individual FoodService,G7244,Soda Sprite Mexican Glass Curve Inc,Beverages,CS,1,2026-04-23,2026-04-23,2,43.01,86.02,sku
soda sprite mexican glass crv inc,Individual FoodService,G7244,Soda Sprite Mexican Glass,Beverages,CS,3,2026-02-23,2026-04-20,1,43.01,43.01,sku
soda sprite mexican glass crv inc,Individual FoodService,G7244,Soda Sprite Mexican Glass CRV,Beverages,CS,1,2026-04-20,2026-04-20,1,43.01,43.01,sku
sugar packet,Sysco,4000899,Sugar Packet,Dry Goods,CS,1,2026-03-30,2026-03-30,1,21,21,sku
syrup coca cola classic,Individual FoodService,NFBGCOKE,Syrup Coca Cola Classic,Beverages,CS,7,2026-02-26,2026-04-23,1,124.68,124.68,sku
syrup coca cola zero sugar,Individual FoodService,203035,Syrup Coca Cola Zero Sugar,Beverages,CS,3,2026-02-26,2026-04-13,1,124.68,124.68,sku
syrup diet coca cola,Individual FoodService,NFBGDCOK,Syrup Diet Coca Cola,Beverages,CS,2,2026-02-26,2026-04-27,1,124.61,124.61,sku
syrup hi-c fruit punch flashin,Individual FoodService,NFBGFP,Syrup Hi-C Fruit Punch Flashin,Beverages,CS,9,2026-02-26,2026-04-23,1,124.68,124.68,sku
syrup hi-c fruit punch flashin,Individual FoodService,NFBGFP,Hi-C Fruit Punch Flashin Syrup,Beverages,CS,1,2026-04-20,2026-04-20,1,124.68,124.68,sku
syrup lemonade,Individual FoodService,NFBGMINLEM,Syrup Lemonade,Beverages,CS,6,2026-02-26,2026-04-16,1,124.68,124.68,sku
syrup orange fanta,Individual FoodService,NFBGFAOR,Syrup Orange Fanta,Beverages,CS,2,2026-03-23,2026-04-16,1,130.45,130.45,sku
syrup pibb xtra,Individual FoodService,NFBGMRP,Syrup Pibb Xtra,Beverages,CS,2,2026-03-12,2026-03-30,1,124.68,124.68,sku
syrup sprite,Individual FoodService,NFBGSPRI,Syrup Sprite,Beverages,CS,4,2026-03-09,2026-04-20,1,124.68,124.68,sku
syrup sprite,Individual FoodService,NFBGSPRI,Sprite Syrup,Beverages,CS,1,2026-04-20,2026-04-20,1,124.68,124.68,sku
sys cls mayonnaise banquet xhv duty,Sysco,71355SYS,Sys Cls Mayonnaise Banquet Xhv Duty,Dry Goods,CS,1,2026-04-03,2026-04-03,8,53.95,431.6,sku
sys cls paper patty square 5.5,"Sysco Los Angeles, Inc.",6854509,SYS CLS Paper Patty Square 5.5,Paper/Supplies,CS,1,2026-04-11,2026-04-11,1,85.99,85.99,sku
sys cls salt granulated iodized,"Sysco Los Angeles, Inc.",7172848,SYS CLS Salt Granulated Iodized,Dry Goods,CS,1,2026-04-11,2026-04-11,1,28.95,28.95,sku
sys cls spice pepper blk grnd,"Sysco Los Angeles, Inc.",5935689,Sys Cls Spice Pepper Blk Grnd,Dry Goods,S,1,2026-03-21,2026-03-21,1,68.95,68.95,sku
sysco classic gloves nitrile foodservice powder free black,Sysco,304363443,Glove nitrile FDSRV PF black,Paper/Supplies,SCS,1,2026-04-25,2026-04-25,1,37.99,37.99,sku
sysco classic gloves nitrile foodservice powder free black,Sysco,4685614,Glove Nitrile Foodservice Powder Free Black,Paper/Supplies,CS,1,2026-04-23,2026-04-23,1,37.99,37.99,sku
sysco classic gloves nitrile foodservice powder free black,Sysco,4685614,SYS CLS GLOVE NITRILE FDSRV PF BLK,Paper/Supplies,SCS,2,2026-03-05,2026-03-14,1,37.99,37.99,sku
sysco classic gloves nitrile foodservice powder free black,Sysco,4685614,Sys Cls Glove Nitrile FDSRV PF BLK,Paper/Supplies,SCS,1,2026-03-28,2026-03-28,1,37.99,37.99,sku
sysco classic gloves nitrile foodservice powder free black,Sysco,4685614,Sysco CLS Glove Nitrile FDSRV PF Black,Paper/Supplies,SCS,1,2026-04-06,2026-04-06,1,37.99,37.99,sku
sysco classic gloves nitrile foodservice powder free black,Sysco,4685614,Sysco Class Glove Nitrile Food Service Powder Free Black,Paper/Supplies,SCS,1,2026-04-02,2026-04-02,1,37.99,37.99,sku
sysco classic gloves nitrile foodservice powder free black,Sysco,4685614,Glove Nitrile Food Service Powder Free Black,Paper/Supplies,SCS,1,2026-04-18,2026-04-18,1,37.99,37.99,sku
sysco classic gloves nitrile foodservice powder free black,Sysco,4685614,Sysco Classic Glove Nitrile Foodservice Powder Free Black,Paper/Supplies,SCS,1,2026-04-04,2026-04-04,1,37.99,37.99,sku
sysco classic gloves nitrile foodservice powder free black,Sysco,4685614,Sysco Classic Glove Nitrile Food Service Black Powder Free,Paper/Supplies,SCS,1,2026-04-09,2026-04-09,1,37.99,37.99,sku
sysco classic gloves nitrile foodservice powder free black,Sysco,4685614,Glove Nitrile Food Service Powder Free Black,Paper/Supplies,CS,1,2026-04-18,2026-04-18,1,37.99,37.99,sku
sysco classic gloves nitrile foodservice powder free black,"Sysco Los Angeles, Inc.",304363443,SYS CLS Glove Nitrile FDSRV PF BLK,Paper/Supplies,SCS,1,2026-03-23,2026-03-23,1,37.99,37.99,sku
sysco classic gloves nitrile foodservice powder free black,"Sysco Los Angeles, Inc.",4685576,Sysco Classic Glove Nitrile Foodservice Powder Free Black,Paper/Supplies,CS,1,2026-03-19,2026-03-19,1,35.75,35.75,sku
sysco classic gloves nitrile foodservice powder free black,"Sysco Los Angeles, Inc.",4685614,SYS CLS Glove Nitrile Foodservice PF Black,Paper/Supplies,SCS,1,2026-03-02,2026-03-02,1,37.99,37.99,sku
sysco classic gloves nitrile foodservice powder free black,"Sysco Los Angeles, Inc.",4685614,Glove Nitrile Fdsrv PF Blk,Paper/Supplies,SCS,1,2026-04-16,2026-04-16,1,37.99,37.99,sku
sysco classic gloves nitrile foodservice powder free black,"Sysco Los Angeles, Inc.",4685614,Nitrile Gloves Food Service Powder Free Black,Paper/Supplies,CS,1,2026-02-26,2026-02-26,1,37.99,37.99,sku
sysco classic gloves nitrile foodservice powder free black,"Sysco Los Angeles, Inc.",4685614,SYS CLS GLOVE NITRILE FDSRV PF BLK,Paper/Supplies,SCS,1,2026-02-28,2026-02-28,1,37.99,37.99,sku
sysco classic gloves nitrile foodservice powder free black,"Sysco Los Angeles, Inc.",4685614,Sys Cls Glove Nitrile FDSRV PF Black,Paper/Supplies,SCS,1,2026-03-07,2026-03-07,1,37.99,37.99,sku
sysco classic gloves nitrile foodservice powder free black,"Sysco Los Angeles, Inc.",4685614,Sys Cls Glove Nitrile Fdsrv PF Blk,Paper/Supplies,SCS,1,2026-03-21,2026-03-21,1,37.99,37.99,sku
sysco classic gloves nitrile foodservice powder free black,"Sysco Los Angeles, Inc.",4685614,Sys Cls Glove Nitrile Fdsrv Pf Blk,Paper/Supplies,CS,1,2026-02-21,2026-02-21,1,37.99,37.99,sku
sysco classic gloves nitrile foodservice powder free black,"Sysco Los Angeles, Inc.",4685614,Sysco Classic Glove Nitrile Food Service Black Powder Free,Paper/Supplies,CS,1,2026-04-20,2026-04-20,1,37.99,37.99,sku
sysco classic gloves nitrile foodservice powder free black,"Sysco Los Angeles, Inc.",4685614,Sysco Classic Glove Nitrile Foodservice Powder Free Black,Paper/Supplies,CS,1,2026-03-19,2026-03-19,1,37.99,37.99,sku
sysco classic gloves nitrile foodservice powder free black,"Sysco Los Angeles, Inc.",4685614,Sysco Classic Gloves Nitrile Foodservice Powder Free Black,Paper/Supplies,SCS,1,2026-02-19,2026-02-19,1,37.99,37.99,sku
sysco classic mayonnaise banquet xhv duty,Sysco,4983920,Sysco CLS Mayonnaise Banquet Extra Heavy Duty,Dry Goods,CS,1,2026-04-06,2026-04-06,1,53.95,53.95,sku
sysco classic mayonnaise banquet xhv duty,"Sysco Los Angeles, Inc.",4983920,Mayonnaise Banquet XHV Duty,Dry Goods,CS,1,2026-04-16,2026-04-16,6,53.95,323.7,sku
sysco classic mayonnaise banquet xhv duty,"Sysco Los Angeles, Inc.",4983920,Sysco Classic Mayonnaise Banquet XHV Duty,Canned and Dry,CS,1,2026-04-13,2026-04-13,4,53.95,215.8,sku
sysco reliable shortening fry liquid clear ztf,Sysco,4518403,Shortening Fry Liquid Clear Zero Trans Fat,Dry Goods,CS,2,2026-03-30,2026-04-18,2,38.85,77.7,sku
sysco reliable shortening fry liquid clear ztf,Sysco,4518403,Sys Rel Shortening Fry LIQ CLR ZTF,Dry Goods,CS,1,2026-03-28,2026-03-28,1,36.95,36.95,sku
sysco reliable shortening fry liquid clear ztf,Sysco,4518403,Sys Rel Shortening Fry Liq Clr ZTF,Dry Goods,CS,1,2026-03-12,2026-03-12,1,36.95,36.95,sku
sysco reliable shortening fry liquid clear ztf,Sysco,4518403,Sysco Rel Shortening Fry Liquid Clear,Dry Goods,CS,1,2026-04-06,2026-04-06,1,37.95,37.95,sku
sysco reliable shortening fry liquid clear ztf,Sysco,4518403,Sysco Relation Shortening Fry Liquid Clear,Dry Goods,CS,1,2026-03-09,2026-03-09,1,36.65,36.65,sku
sysco reliable shortening fry liquid clear ztf,Sysco,4518403,Sysco Reliable Shortening Fry Liquid Clear Zero Trans Fat,Dry Goods,CS,2,2026-04-04,2026-04-09,3,37.95,113.85,sku
sysco reliable shortening fry liquid clear ztf,Sysco,4518403,SYS REL SHORTENING FRY LIQ CLR ZTF,Dry Goods,CS,3,2026-03-05,2026-03-16,1,36.95,36.95,sku
sysco reliable shortening fry liquid clear ztf,Sysco,4518403,Shortening Fry Liquid Clear ZTF,Dry Goods,CS,2,2026-04-18,2026-04-23,1,39.79,39.79,sku
sysco reliable shortening fry liquid clear ztf,Sysco,5020553,Sys Rel Shortening Fry Liq Clr Ztf,Dry Goods,CS,1,2026-04-03,2026-04-03,2,37.95,75.9,sku
sysco reliable shortening fry liquid clear ztf,Sysco,5020553,Shortening fry liquid clear ZTF,Dry Goods,CS,1,2026-04-25,2026-04-25,2,39.79,79.58,sku
sysco reliable shortening fry liquid clear ztf,"Sysco Los Angeles, Inc.",4518403,SYS Rel Shortening Fry Liquid Clear ZTF,Dry Goods,CS,2,2026-03-02,2026-04-11,1,37.95,37.95,sku
sysco reliable shortening fry liquid clear ztf,"Sysco Los Angeles, Inc.",4518403,Shortening Fry Liq Clr ZTF,Dry Goods,CS,1,2026-04-16,2026-04-16,3,38.85,116.55,sku
sysco reliable shortening fry liquid clear ztf,"Sysco Los Angeles, Inc.",4518403,Shortening Fry Liquid Clear ZTF,Dry Goods,CS,1,2026-02-26,2026-02-26,3,35.89,107.67,sku
sysco reliable shortening fry liquid clear ztf,"Sysco Los Angeles, Inc.",4518403,Sys Rel Shortening Fry Liq Clr ZTF,Dry Goods,CS,1,2026-03-21,2026-03-21,2,36.95,73.9,sku
sysco reliable shortening fry liquid clear ztf,"Sysco Los Angeles, Inc.",4518403,Sys Rel Shortening Fry Liquid Clear ZTF,Dry Goods,CS,1,2026-03-07,2026-03-07,1,37.95,37.95,sku
sysco reliable shortening fry liquid clear ztf,"Sysco Los Angeles, Inc.",4518403,Sysco Reliable Shortening Fry Liquid Clear ZTF,Dry Goods,CS,2,2026-02-19,2026-03-19,3,36.65,109.95,sku
sysco reliable shortening fry liquid clear ztf,"Sysco Los Angeles, Inc.",4518403,Sysco Shortening Fry Liquid Clear,Dry Goods,CS,1,2026-04-20,2026-04-20,1,39.79,39.79,sku
sysco reliable shortening fry liquid clear ztf,"Sysco Los Angeles, Inc.",4518403,SYS REL SHORTENING FRY LIQ CLR ZTF,Dry Goods,CS,1,2026-02-28,2026-02-28,2,36.95,73.9,sku
sysco reliable shortening fry liquid clear ztf,"Sysco Los Angeles, Inc.",4518403,SYS Rel Shortening Fry Liq CLR ZTF,Dry Goods,CS,1,2026-03-26,2026-03-26,2,36.95,73.9,sku
sysco reliable shortening fry liquid clear ztf,"Sysco Los Angeles, Inc.",5020553,SYS Rel Shortening Fry LIQ CLR ZTF,Dry Goods,CS,1,2026-03-23,2026-03-23,1,36.95,36.95,sku
tomato paste heinz,Individual FoodService,G213,Tomato Paste Heinz,Dry Goods,CS,2,2026-03-26,2026-04-17,1,47.41,47.41,sku
towel multifold kraft 1-ply,Individual FoodService,18369,Towel Multifold Kraft 1-Ply,Paper/Supplies,CS,4,2026-02-26,2026-04-23,1,24.51,24.51,sku
towel multifold kraft 1-ply,Individual FoodService,18369,Towel Multifold Kraft 1-ply,Paper/Supplies,CS,4,2026-03-02,2026-04-20,1,24.51,24.51,sku
towel multifold kraft 1-ply,Individual FoodService,,Towel Multifold Kraft 1-Ply,Paper/Supplies,CS,1,2026-03-23,2026-03-23,1,24.51,24.51,alias
tray food paper #50 1/2 lb white red check,Individual FoodService,SQP2650,Tray Food Paper #50 1/2 LB Wht/Red Check,Paper/Supplies,CS,1,2026-02-23,2026-02-23,1,33.49,33.49,sku
tray food paper #50 1/2 lb white red check,Individual FoodService,SQP2650,Tray Food Paper #50 1/2 lb White Red Check,Paper/Supplies,CS,1,2026-02-26,2026-02-26,2,36.08,72.16,sku
tray food paper #50 1/2 lb white red check,Individual FoodService,SQP2650,Tray Food Paper #50 1/2LB White/Red Check,Paper/Supplies,CS,1,2026-04-23,2026-04-23,3,34.38,103.14,sku
tray food paper #50 1/2 lb white red check,Individual FoodService,SQP2650,Tray Food Paper #50 White Red Check,Paper/Supplies,CS,2,2026-03-09,2026-04-16,2,34.38,68.76,sku
tray food paper #50 1/2 lb white red check,Individual FoodService,SQP2650,Tray Food Paper #50 1/2 LB White Red Check,Paper/Supplies,CS,1,2026-04-06,2026-04-06,2,36.08,72.16,sku
tray food paper #50 1/2 lb white red check,Individual FoodService,SQP2650,Tray Food Paper White Red Check,Paper/Supplies,CS,1,2026-03-30,2026-03-30,2,36.08,72.16,sku
tray food paper #50 1/2 lb white red check,Individual FoodService,SQP2650,Tray Food Paper #50 White/Red Check,Paper/Supplies,CS,4,2026-03-12,2026-03-26,2,36.08,72.16,sku
tray food paper #50 1/2 lb white red check,Individual FoodService,SQP2650,Tray Food Paper,Paper/Supplies,CS,1,2026-04-27,2026-04-27,2,34.38,68.76,sku
tray pulp 4-cup carrier 8-32 oz,Individual FoodService,14960,Tray Pulp 4-Cup Carrier 8-32oz,Paper/Supplies,CS,3,2026-02-23,2026-04-06,1,56.75,56.75,sku
tray pulp 4-cup carrier 8-32 oz,Individual FoodService,14960,Tray Pulp 4-cup Carrier 8-32 oz,Paper/Supplies,CS,1,2026-03-26,2026-03-26,1,56.75,56.75,sku
water crystal geyser spring,Individual FoodService,12345,Water Crystal Geyser Spring,Beverages,CS,10,2026-02-23,2026-04-16,1,9.78,9.78,sku
whole class ice cream mix soft serve vanilla 5%,Sysco,1011849,Ice cream mix SFTSR VAN 5%,Dairy,CS,1,2026-04-25,2026-04-25,8,38.27,306.16,sku
whole class ice cream mix soft serve vanilla 5%,Sysco,1011849,Whole Ice Cream Mix Soft Serve Vanilla 5%,Dairy,CS,1,2026-04-18,2026-04-18,6,38.23,229.38,sku
whole class ice cream mix soft serve vanilla 5%,Sysco,7087727,WHLFCLS ICE CREAM MIX SFTSR VAN 5%,Dairy,CS,3,2026-03-05,2026-03-16,10,37.26,372.6,sku
whole class ice cream mix soft serve vanilla 5%,Sysco,7087727,WHLFCLS Ice Cream Mix SFTSR VAN 5%,Dairy,CS,1,2026-03-28,2026-03-28,10,37.26,372.6,sku
whole class ice cream mix soft serve vanilla 5%,Sysco,7087727,Whlflcs Ice Cream Mix Sftsr Van 5%,Dairy,CS,1,2026-03-12,2026-03-12,10,37.26,372.6,sku
whole class ice cream mix soft serve vanilla 5%,Sysco,7087727,Whole Class Ice Cream Mix Soft Serve Vanilla 5%,Dairy,CS,2,2026-04-02,2026-04-09,6,37.26,223.56,sku
whole class ice cream mix soft serve vanilla 5%,Sysco,7087727,Whole Foods Ice Cream Mix Soft Serve Van 5%,Dairy,CS,1,2026-03-30,2026-03-30,6,37.26,223.56,sku
whole class ice cream mix soft serve vanilla 5%,Sysco,7087727,Whole Foods Ice Cream Mix Soft Serve Vanilla 5%,Dairy,CS,1,2026-04-02,2026-04-02,12,37.26,447.12,sku
whole class ice cream mix soft serve vanilla 5%,Sysco,7087727,Whole Ice Cream Mix Soft Serve Vanilla 5%,Dairy,CS,1,2026-03-09,2026-03-09,10,37.26,372.6,sku
whole class ice cream mix soft serve vanilla 5%,Sysco,7087727,Wholesale Class Ice Cream Mix Soft Serve Vanilla 5%,Dairy,CS,1,2026-04-04,2026-04-04,4,37.26,149.04,sku
whole class ice cream mix soft serve vanilla 5%,Sysco,7087727,Ice Cream Mix SFTSR Van 5%,Dairy,CS,1,2026-04-23,2026-04-23,6,38.27,229.62,sku
whole class ice cream mix soft serve vanilla 5%,Sysco,7087727,Ice Cream Mix Soft Serve Vanilla 5%,Dairy,CS,2,2026-04-18,2026-04-27,6,38.27,229.62,sku
whole class ice cream mix soft serve vanilla 5%,"Sysco Los Angeles, Inc.",1011849,WHLFCLS Ice Cream Mix SFTSR VAN 5%,Dairy,CS,1,2026-03-23,2026-03-23,4,37.26,149.04,sku
whole class ice cream mix soft serve vanilla 5%,"Sysco Los Angeles, Inc.",7087727,WHLFCLS ICE CREAM MIX SFTSR VAN 5%,Dairy,CS,1,2026-02-28,2026-02-28,10,37.26,372.6,sku
whole class ice cream mix soft serve vanilla 5%,"Sysco Los Angeles, Inc.",7087727,WHLFCLS Ice Cream Mix SFTSR VAN 5%,Dairy,CS,2,2026-03-07,2026-03-26,10,37.26,372.6,sku
whole class ice cream mix soft serve vanilla 5%,"Sysco Los Angeles, Inc.",7087727,WHLFCLS Ice Cream Mix Soft Serve Vanilla 5%,Dairy,CS,1,2026-03-02,2026-03-02,8,37.26,298.08,sku
whole class ice cream mix soft serve vanilla 5%,"Sysco Los Angeles, Inc.",7087727,WhlFcls Ice Cream Mix Sftsr Van 5%,Dairy,CS,1,2026-03-21,2026-03-21,10,37.26,372.6,sku
whole class ice cream mix soft serve vanilla 5%,"Sysco Los Angeles, Inc.",7087727,Whole Class Ice Cream Mix Soft Serve Vanilla 5%,Dairy,CS,1,2026-03-19,2026-03-19,8,37.26,298.08,sku
whole class ice cream mix soft serve vanilla 5%,"Sysco Los Angeles, Inc.",7087727,Whole Fcls Ice Cream Mix Soft Serve Van 5%,Dairy,CS,1,2026-04-13,2026-04-13,4,38.23,152.92,sku
whole class ice cream mix soft serve vanilla 5%,"Sysco Los Angeles, Inc.",7087727,Whole Ice Cream Mix Soft Serve Vanilla 5%,Dairy,CS,2,2026-04-10,2026-04-20,6,38.27,229.62,sku
whole class ice cream mix soft serve vanilla 5%,"Sysco Los Angeles, Inc.",7087727,Ice Cream Mix Soft Serve Vanilla 5%,Dairy,CS,3,2026-02-19,2026-02-26,12,37.26,447.12,sku
whole class ice cream mix soft serve vanilla 5%,"Sysco Los Angeles, Inc.",7087727,Ice Cream Mix Sftsr Van 5%,Dairy,CS,2,2026-02-21,2026-04-16,8,38.23,305.84,sku
whole frozen butter solid usda aa unsalted,Sysco,102706,Butter Solid USDA AA Unsalted,Dairy,CS,1,2026-04-18,2026-04-18,1,98.95,98.95,alias
whole frozen butter solid usda aa unsalted,Sysco,7485170,WHLFIMP Butter Solid USDA AA Unsalted,Dairy,CS,1,2026-04-06,2026-04-06,1,89.95,89.95,sku
whole frozen butter solid usda aa unsalted,Sysco,7485170,Whole Frozen Butter Solid USDA AA Unsalted,Dairy,CS,1,2026-04-09,2026-04-09,1,89.95,89.95,sku
whole frozen butter solid usda aa unsalted,Sysco,7485170,WHLFIMP BUTTER SOLID USDA AA UNSLTD,Dairy,CS,2,2026-03-05,2026-03-14,1,88.95,88.95,sku
whole frozen butter solid usda aa unsalted,Sysco,7485170,Butter Solid USDA AA Unsalted,Dairy,CS,5,2026-03-30,2026-04-27,2,99.45,198.9,sku
whole frozen butter solid usda aa unsalted,"Sysco Los Angeles, Inc.",7485170,WHLFIMP Butter Solid USDA AA UNSLTD,Dairy,CS,1,2026-03-26,2026-03-26,2,98.95,197.9,sku
whole frozen butter solid usda aa unsalted,"Sysco Los Angeles, Inc.",7485170,WHLFIMP Butter Solid USDA AA Unsalted,Dairy,CS,2,2026-03-04,2026-04-11,1,89.95,89.95,sku
whole frozen butter solid usda aa unsalted,"Sysco Los Angeles, Inc.",7485170,Whole Frozen Butter Solid USDA AA Unsalted,Dairy,CS,1,2026-03-19,2026-03-19,2,88.95,177.9,sku
whole frozen butter solid usda aa unsalted,"Sysco Los Angeles, Inc.",7485170,Butter Solid USDA AA Unsalted,Dairy,CS,2,2026-02-19,2026-02-26,2,88.95,177.9,sku
whole frozen butter solid usda aa unsalted,"Sysco Los Angeles, Inc.",7485170,Butter Solid USDA AA Unsltd,Dairy,CS,1,2026-04-16,2026-04-16,1,98.95,98.95,sku
