recipeId,itemName,category,isSellable,ingredientCount,totalCost,partial,foodCostOverride,missingLines,missingNames,lines
cmm48cpo6000voxu9lafghk62,Extra Chris N Eddy's Sauce,On The Side,true,1,0.6049444444,false,,0,[],"[{""kind"":""ingredient"",""name"":""chris & eddy's house sauce cup 1.5 oz"",""qty"":1,""unit"":""each"",""unitCost"":0.6049444444,""costUnit"":""each"",""lineCost"":0.6049444444,""missing"":false}]"
cmm48ct6w0036oxu9ijmdeflk,Loaded,Upgrade Your Fries,true,4,1.0423525,false,,0,[],"[{""kind"":""ingredient"",""name"":""american cheese yellow 160"",""qty"":2,""unit"":""each"",""unitCost"":0.1203125,""costUnit"":""each"",""lineCost"":0.240625,""missing"":false},{""kind"":""ingredient"",""name"":""chris & eddy's house sauce"",""qty"":3.6,""unit"":""oz"",""unitCost"":0.19765625,""costUnit"":""oz"",""lineCost"":0.7115625,""missing"":false},{""kind"":""component"",""name"":""Mod: Add Grilled Onion"",""qty"":2,""unit"":""serving"",""unitCost"":0.0350925,""lineCost"":0.070185,""missing"":false},{""kind"":""ingredient"",""name"":""cutlery fork full size extra heavy black pp"",""qty"":1,""unit"":""each"",""unitCost"":0.01998,""costUnit"":""each"",""lineCost"":0.01998,""missing"":false}]"
cmo71zvwr003ribu90upp8fq7,Coca Cola (20 oz cup),Drinks,true,3,0.29830795454545456,false,,0,[],"[{""kind"":""ingredient"",""name"":""greeno cup pet 20 oz c&d pet"",""qty"":1,""unit"":""each"",""unitCost"":0.097,""costUnit"":""each"",""lineCost"":0.097,""missing"":false},{""kind"":""ingredient"",""name"":""greeno lid flat with hole 20 oz pe pet"",""qty"":1,""unit"":""each"",""unitCost"":0.006495454545454546,""costUnit"":""each"",""lineCost"":0.006495454545454546,""missing"":false},{""kind"":""ingredient"",""name"":""syrup coca cola classic"",""qty"":1,""unit"":""fl oz"",""unitCost"":24.936,""costUnit"":""gal"",""lineCost"":0.1948125,""missing"":false}]"
cmo6v1xya001viku9nx6a8b6q,Mod: Add Cheese,Modifier,false,1,0.1203125,false,,0,[],"[{""kind"":""ingredient"",""name"":""american cheese yellow 160"",""qty"":1,""unit"":""each"",""unitCost"":0.1203125,""costUnit"":""each"",""lineCost"":0.1203125,""missing"":false}]"
cmo71zx2l003zibu9fkqt9uet,Coke Zero (20 oz cup),Drinks,true,3,0.29830795454545456,false,,0,[],"[{""kind"":""ingredient"",""name"":""greeno cup pet 20 oz c&d pet"",""qty"":1,""unit"":""each"",""unitCost"":0.097,""costUnit"":""each"",""lineCost"":0.097,""missing"":false},{""kind"":""ingredient"",""name"":""greeno lid flat with hole 20 oz pe pet"",""qty"":1,""unit"":""each"",""unitCost"":0.006495454545454546,""costUnit"":""each"",""lineCost"":0.006495454545454546,""missing"":false},{""kind"":""ingredient"",""name"":""syrup coca cola zero sugar"",""qty"":1,""unit"":""fl oz"",""unitCost"":24.936,""costUnit"":""gal"",""lineCost"":0.1948125,""missing"":false}]"
cmm48csht0030oxu9lrc6qykf,Make it a Triple,Slider #1 Mods,true,2,0.5253130417161568,false,,0,[],"[{""kind"":""ingredient"",""name"":""ground beef fine grnd 73/27 creekstone"",""qty"":1.5,""unit"":""oz"",""unitCost"":4.3200057783056725,""costUnit"":""lb"",""lineCost"":0.4050005417161568,""missing"":false},{""kind"":""ingredient"",""name"":""american cheese yellow 160"",""qty"":1,""unit"":""each"",""unitCost"":0.1203125,""costUnit"":""each"",""lineCost"":0.1203125,""missing"":false}]"
cmo6v1yd5001ziku9u3ltabac,Mod: Remove Cheese,Modifier,false,0,0,false,0,0,[],[]
cmm48col00004oxu974h17umo,Double Slider,A La Carte,true,3,1.3759038612100913,false,,0,[],"[{""kind"":""ingredient"",""name"":""martins bread potato roll sandwich 3.5 inch"",""qty"":1,""unit"":""each"",""unitCost"":0.3252777777777778,""costUnit"":""each"",""lineCost"":0.3252777777777778,""missing"":false},{""kind"":""ingredient"",""name"":""american cheese yellow 160"",""qty"":2,""unit"":""each"",""unitCost"":0.1203125,""costUnit"":""each"",""lineCost"":0.240625,""missing"":false},{""kind"":""ingredient"",""name"":""ground beef fine grnd 73/27 creekstone"",""qty"":3,""unit"":""oz"",""unitCost"":4.3200057783056725,""costUnit"":""lb"",""lineCost"":0.8100010834323136,""missing"":false}]"
cmm48crfr001ioxu9zkoslrro,1 Slider Combo,Combos,true,5,2.73808746385925,false,,0,[],"[{""kind"":""component"",""name"":""Double Slider"",""qty"":1,""unit"":""serving"",""unitCost"":1.3759038612100913,""lineCost"":1.3759038612100913,""missing"":false},{""kind"":""component"",""name"":""Straight Cut Fries"",""qty"":1,""unit"":""serving"",""unitCost"":0.7380837037037037,""lineCost"":0.7380837037037037,""missing"":false},{""kind"":""component"",""name"":""Extra Chris N Eddy's Sauce"",""qty"":1,""unit"":""serving"",""unitCost"":0.6049444444,""lineCost"":0.6049444444,""missing"":false},{""kind"":""ingredient"",""name"":""chrsned bag plas tshirt logo ptsbchrisneddy"",""qty"":1,""unit"":""each"",""unitCost"":0.005865454545454545,""costUnit"":""each"",""lineCost"":0.005865454545454545,""missing"":false},{""kind"":""ingredient"",""name"":""napkin dispenser 2-ply 8.5 x 6.5 white"",""qty"":2,""unit"":""each"",""unitCost"":0.006645,""costUnit"":""each"",""lineCost"":0.01329,""missing"":false}]"
cmm48crsj0020oxu9li1p5m6n,2 Slider Combo,Combos,true,5,4.120636325069341,false,,0,[],"[{""kind"":""component"",""name"":""Double Slider"",""qty"":2,""unit"":""serving"",""unitCost"":1.3759038612100913,""lineCost"":2.7518077224201827,""missing"":false},{""kind"":""component"",""name"":""Straight Cut Fries"",""qty"":1,""unit"":""serving"",""unitCost"":0.7380837037037037,""lineCost"":0.7380837037037037,""missing"":false},{""kind"":""component"",""name"":""Extra Chris N Eddy's Sauce"",""qty"":1,""unit"":""serving"",""unitCost"":0.6049444444,""lineCost"":0.6049444444,""missing"":false},{""kind"":""ingredient"",""name"":""chrsned bag plas tshirt logo ptsbchrisneddy"",""qty"":1,""unit"":""each"",""unitCost"":0.005865454545454545,""costUnit"":""each"",""lineCost"":0.005865454545454545,""missing"":false},{""kind"":""ingredient"",""name"":""napkin dispenser 2-ply 8.5 x 6.5 white"",""qty"":3,""unit"":""each"",""unitCost"":0.006645,""costUnit"":""each"",""lineCost"":0.019935,""missing"":false}]"
cmo71zwlc003vibu93975zz83,Diet Coke (20 oz cup),Drinks,true,3,0.29819857954545453,false,,0,[],"[{""kind"":""ingredient"",""name"":""greeno cup pet 20 oz c&d pet"",""qty"":1,""unit"":""each"",""unitCost"":0.097,""costUnit"":""each"",""lineCost"":0.097,""missing"":false},{""kind"":""ingredient"",""name"":""greeno lid flat with hole 20 oz pe pet"",""qty"":1,""unit"":""each"",""unitCost"":0.006495454545454546,""costUnit"":""each"",""lineCost"":0.006495454545454546,""missing"":false},{""kind"":""ingredient"",""name"":""syrup diet coca cola"",""qty"":1,""unit"":""fl oz"",""unitCost"":24.922,""costUnit"":""gal"",""lineCost"":0.194703125,""missing"":false}]"
cmo6v1yji0020iku9kt4731qg,Mod: Add Pickle,Modifier,false,1,0.10799999999999998,false,,0,[],"[{""kind"":""ingredient"",""name"":""pickle chips sandwich cut 1/8\"""",""qty"":3,""unit"":""each"",""unitCost"":0.036,""costUnit"":""each"",""lineCost"":0.10799999999999998,""missing"":false}]"
cmm48coxv000doxu9f5tp4qco,Triple Slider,A La Carte,true,3,1.9012169029262482,false,,0,[],"[{""kind"":""ingredient"",""name"":""martins bread potato roll sandwich 3.5 inch"",""qty"":1,""unit"":""each"",""unitCost"":0.3252777777777778,""costUnit"":""each"",""lineCost"":0.3252777777777778,""missing"":false},{""kind"":""ingredient"",""name"":""american cheese yellow 160"",""qty"":3,""unit"":""each"",""unitCost"":0.1203125,""costUnit"":""each"",""lineCost"":0.3609375,""missing"":false},{""kind"":""ingredient"",""name"":""ground beef fine grnd 73/27 creekstone"",""qty"":4.5,""unit"":""oz"",""unitCost"":4.3200057783056725,""costUnit"":""lb"",""lineCost"":1.2150016251484703,""missing"":false}]"
cmm48cpb7000moxu9ptya9jix,The Quad,Secret Menu,true,3,2.4265299446424047,false,,0,[],"[{""kind"":""ingredient"",""name"":""martins bread potato roll sandwich 3.5 inch"",""qty"":1,""unit"":""each"",""unitCost"":0.3252777777777778,""costUnit"":""each"",""lineCost"":0.3252777777777778,""missing"":false},{""kind"":""ingredient"",""name"":""american cheese yellow 160"",""qty"":4,""unit"":""each"",""unitCost"":0.1203125,""costUnit"":""each"",""lineCost"":0.48125,""missing"":false},{""kind"":""ingredient"",""name"":""ground beef fine grnd 73/27 creekstone"",""qty"":6,""unit"":""oz"",""unitCost"":4.3200057783056725,""costUnit"":""lb"",""lineCost"":1.6200021668646272,""missing"":false}]"
cmo6u40km000eoqu9xz3mycmy,Mod: Add Sauce,Modifier,false,1,0.098828125,false,,0,[],"[{""kind"":""ingredient"",""name"":""chris & eddy's house sauce"",""qty"":0.5,""unit"":""oz"",""unitCost"":0.19765625,""costUnit"":""oz"",""lineCost"":0.098828125,""missing"":false}]"
cmm48cr2y001eoxu9e2fzmbux,Grilled Cheese,On The Side,true,3,0.5990527777777778,false,,0,[],"[{""kind"":""ingredient"",""name"":""martins bread potato roll sandwich 3.5 inch"",""qty"":1,""unit"":""each"",""unitCost"":0.3252777777777778,""costUnit"":""each"",""lineCost"":0.3252777777777778,""missing"":false},{""kind"":""ingredient"",""name"":""american cheese yellow 160"",""qty"":2,""unit"":""each"",""unitCost"":0.1203125,""costUnit"":""each"",""lineCost"":0.240625,""missing"":false},{""kind"":""ingredient"",""name"":""whole frozen butter solid usda aa unsalted"",""qty"":0.16,""unit"":""oz"",""unitCost"":3.315,""costUnit"":""lb"",""lineCost"":0.03315,""missing"":false}]"
cmm48cq12000zoxu9marews10,Straight Cut Fries,A La Carte,true,2,0.7380837037037037,false,,0,[],"[{""kind"":""ingredient"",""name"":""lamb potato fry ss 1/4 stealth"",""qty"":0.5,""unit"":""lb"",""unitCost"":1.4074074074074074,""costUnit"":""lb"",""lineCost"":0.7037037037037037,""missing"":false},{""kind"":""ingredient"",""name"":""tray food paper #50 1/2 lb white red check"",""qty"":1,""unit"":""each"",""unitCost"":0.03438,""costUnit"":""each"",""lineCost"":0.03438,""missing"":false}]"
cmo6u3zla0007oqu9r6yb296w,Mod: Add Grilled Onion,Modifier,false,2,0.0350925,false,,0,[],"[{""kind"":""ingredient"",""name"":""packer onion sweet fresh"",""qty"":0.03,""unit"":""lb"",""unitCost"":0.9487500000000001,""costUnit"":""lb"",""lineCost"":0.0284625,""missing"":false},{""kind"":""ingredient"",""name"":""whole frozen butter solid usda aa unsalted"",""qty"":0.002,""unit"":""lb"",""unitCost"":3.315,""costUnit"":""lb"",""lineCost"":0.00663,""missing"":false}]"
cmo6u40qy000goqu9aq9ddsg5,Mod: Eddy's Way,Modifier,false,2,0.13392062500000002,false,,0,[],"[{""kind"":""component"",""name"":""Mod: Add Grilled Onion"",""qty"":1,""unit"":""serving"",""unitCost"":0.0350925,""lineCost"":0.0350925,""missing"":false},{""kind"":""component"",""name"":""Mod: Add Sauce"",""qty"":1,""unit"":""serving"",""unitCost"":0.098828125,""lineCost"":0.098828125,""missing"":false}]"
cmo6u3zvw000aoqu98ny2m3ea,Mod: Add Raw Onion,Modifier,false,1,0.01802625,false,,0,[],"[{""kind"":""ingredient"",""name"":""packer onion sweet fresh"",""qty"":0.019,""unit"":""lb"",""unitCost"":0.9487500000000001,""costUnit"":""lb"",""lineCost"":0.01802625,""missing"":false}]"
cmm48cqq50017oxu9zcyyqd3z,Loaded Fries,A La Carte,true,5,1.7804362037037038,false,,0,[],"[{""kind"":""component"",""name"":""Straight Cut Fries"",""qty"":1,""unit"":""serving"",""unitCost"":0.7380837037037037,""lineCost"":0.7380837037037037,""missing"":false},{""kind"":""ingredient"",""name"":""american cheese yellow 160"",""qty"":2,""unit"":""each"",""unitCost"":0.1203125,""costUnit"":""each"",""lineCost"":0.240625,""missing"":false},{""kind"":""ingredient"",""name"":""chris & eddy's house sauce"",""qty"":3.6,""unit"":""oz"",""unitCost"":0.19765625,""costUnit"":""oz"",""lineCost"":0.7115625,""missing"":false},{""kind"":""component"",""name"":""Mod: Add Grilled Onion"",""qty"":2,""unit"":""serving"",""unitCost"":0.0350925,""lineCost"":0.070185,""missing"":false},{""kind"":""ingredient"",""name"":""cutlery fork full size extra heavy black pp"",""qty"":1,""unit"":""each"",""unitCost"":0.01998,""costUnit"":""each"",""lineCost"":0.01998,""missing"":false}]"
cmm48cs5a002ioxu9wgmll7bq,Combo 3,Combos,true,5,5.171262408501655,false,,0,[],"[{""kind"":""component"",""name"":""Triple Slider"",""qty"":2,""unit"":""serving"",""unitCost"":1.9012169029262482,""lineCost"":3.8024338058524965,""missing"":false},{""kind"":""component"",""name"":""Straight Cut Fries"",""qty"":1,""unit"":""serving"",""unitCost"":0.7380837037037037,""lineCost"":0.7380837037037037,""missing"":false},{""kind"":""component"",""name"":""Extra Chris N Eddy's Sauce"",""qty"":1,""unit"":""serving"",""unitCost"":0.6049444444,""lineCost"":0.6049444444,""missing"":false},{""kind"":""ingredient"",""name"":""chrsned bag plas tshirt logo ptsbchrisneddy"",""qty"":1,""unit"":""each"",""unitCost"":0.005865454545454545,""costUnit"":""each"",""lineCost"":0.005865454545454545,""missing"":false},{""kind"":""ingredient"",""name"":""napkin dispenser 2-ply 8.5 x 6.5 white"",""qty"":3,""unit"":""each"",""unitCost"":0.006645,""costUnit"":""each"",""lineCost"":0.019935,""missing"":false}]"
cmm48co8a0000oxu9s405izq0,Single Slider,A La Carte,true,3,0.8505908194939346,false,,0,[],"[{""kind"":""ingredient"",""name"":""martins bread potato roll sandwich 3.5 inch"",""qty"":1,""unit"":""each"",""unitCost"":0.3252777777777778,""costUnit"":""each"",""lineCost"":0.3252777777777778,""missing"":false},{""kind"":""ingredient"",""name"":""american cheese yellow 160"",""qty"":1,""unit"":""each"",""unitCost"":0.1203125,""costUnit"":""each"",""lineCost"":0.1203125,""missing"":false},{""kind"":""ingredient"",""name"":""ground beef fine grnd 73/27 creekstone"",""qty"":1.5,""unit"":""oz"",""unitCost"":4.3200057783056725,""costUnit"":""lb"",""lineCost"":0.4050005417161568,""missing"":false}]"
cmo71zxj20043ibu9uwpsf19g,Sprite (20 oz cup),Drinks,true,3,0.29830795454545456,false,,0,[],"[{""kind"":""ingredient"",""name"":""greeno cup pet 20 oz c&d pet"",""qty"":1,""unit"":""each"",""unitCost"":0.097,""costUnit"":""each"",""lineCost"":0.097,""missing"":false},{""kind"":""ingredient"",""name"":""greeno lid flat with hole 20 oz pe pet"",""qty"":1,""unit"":""each"",""unitCost"":0.006495454545454546,""costUnit"":""each"",""lineCost"":0.006495454545454546,""missing"":false},{""kind"":""ingredient"",""name"":""syrup sprite"",""qty"":1,""unit"":""fl oz"",""unitCost"":24.936,""costUnit"":""gal"",""lineCost"":0.1948125,""missing"":false}]"
cmo6u4047000coqu9umva39mq,Mod: Add Tomato,Modifier,false,1,0,true,,1,"[""imported fresh tomato bulk 5x6 fresh""]","[{""kind"":""ingredient"",""name"":""imported fresh tomato bulk 5x6 fresh"",""qty"":0.05,""unit"":""lb"",""unitCost"":4.3064,""costUnit"":""each"",""lineCost"":0,""missing"":true}]"
cmo6u40z6000joqu957ccdxif,Mod: Chris's Way,Modifier,false,4,0.19185437500000002,true,,1,"[""Mod: Add Tomato""]","[{""kind"":""component"",""name"":""Mod: Add Lettuce"",""qty"":1,""unit"":""serving"",""unitCost"":0.075,""lineCost"":0.075,""missing"":false},{""kind"":""component"",""name"":""Mod: Add Tomato"",""qty"":1,""unit"":""serving"",""unitCost"":0,""lineCost"":0,""missing"":true},{""kind"":""component"",""name"":""Mod: Add Raw Onion"",""qty"":1,""unit"":""serving"",""unitCost"":0.01802625,""lineCost"":0.01802625,""missing"":false},{""kind"":""component"",""name"":""Mod: Add Sauce"",""qty"":1,""unit"":""serving"",""unitCost"":0.098828125,""lineCost"":0.098828125,""missing"":false}]"
cmo6v1y6x001xiku9gw3a08wd,Mod: Add Extra Cheese,Modifier,false,1,0.1203125,false,,0,[],"[{""kind"":""ingredient"",""name"":""american cheese yellow 160"",""qty"":1,""unit"":""each"",""unitCost"":0.1203125,""costUnit"":""each"",""lineCost"":0.1203125,""missing"":false}]"
cmo6v1ys20022iku9vxlqbpzq,Mod: Extra Pickles,Modifier,false,3,0.116132,false,,0,[],"[{""kind"":""ingredient"",""name"":""pickle chips sandwich cut 1/8\"""",""qty"":2.5,""unit"":""each"",""unitCost"":0.036,""costUnit"":""each"",""lineCost"":0.09,""missing"":false},{""kind"":""ingredient"",""name"":""cup portion plastic 2 oz clear"",""qty"":1,""unit"":""each"",""unitCost"":0.011132,""costUnit"":""each"",""lineCost"":0.011132,""missing"":false},{""kind"":""ingredient"",""name"":""lid portion plastic 1.5, 2, 2.5 oz"",""qty"":1,""unit"":""each"",""unitCost"":0.015,""costUnit"":""each"",""lineCost"":0.015,""missing"":false}]"
cmm48csul0033oxu9qv0rbsf4,Add Cheese,Upgrade Your Fries,true,1,0.240625,false,,0,[],"[{""kind"":""ingredient"",""name"":""american cheese yellow 160"",""qty"":2,""unit"":""each"",""unitCost"":0.1203125,""costUnit"":""each"",""lineCost"":0.240625,""missing"":false}]"
cmm48cqdj0013oxu948ohqp7u,Cheese Fries,A La Carte,true,3,0.9986887037037037,false,,0,[],"[{""kind"":""component"",""name"":""Straight Cut Fries"",""qty"":1,""unit"":""serving"",""unitCost"":0.7380837037037037,""lineCost"":0.7380837037037037,""missing"":false},{""kind"":""ingredient"",""name"":""american cheese yellow 160"",""qty"":2,""unit"":""each"",""unitCost"":0.1203125,""costUnit"":""each"",""lineCost"":0.240625,""missing"":false},{""kind"":""ingredient"",""name"":""cutlery fork full size extra heavy black pp"",""qty"":1,""unit"":""each"",""unitCost"":0.01998,""costUnit"":""each"",""lineCost"":0.01998,""missing"":false}]"
cmo6tswh100007du9bbcher2w,Mod: Add Lettuce,Modifier,false,1,0.075,false,,0,[],"[{""kind"":""ingredient"",""name"":""packer lettuce boston hydroponic"",""qty"":0.5,""unit"":""each"",""unitCost"":0.15,""costUnit"":""each"",""lineCost"":0.075,""missing"":false}]"
cmo6yrzjn00238uu9aujmugyf,Mod: Meat and Cheese,Modifier,false,0,0,false,0,0,[],[]
cmo71zxzp0047ibu9eq2ols1m,Orange Fanta (20 oz cup),Drinks,true,3,0.30732357954545453,false,,0,[],"[{""kind"":""ingredient"",""name"":""greeno cup pet 20 oz c&d pet"",""qty"":1,""unit"":""each"",""unitCost"":0.097,""costUnit"":""each"",""lineCost"":0.097,""missing"":false},{""kind"":""ingredient"",""name"":""greeno lid flat with hole 20 oz pe pet"",""qty"":1,""unit"":""each"",""unitCost"":0.006495454545454546,""costUnit"":""each"",""lineCost"":0.006495454545454546,""missing"":false},{""kind"":""ingredient"",""name"":""syrup orange fanta"",""qty"":1,""unit"":""fl oz"",""unitCost"":26.089999999999996,""costUnit"":""gal"",""lineCost"":0.20382812499999997,""missing"":false}]"
cmo71zygt004bibu9ob0qy3cd,Hi-C (20 oz cup),Drinks,true,3,0.30732357954545453,false,,0,[],"[{""kind"":""ingredient"",""name"":""greeno cup pet 20 oz c&d pet"",""qty"":1,""unit"":""each"",""unitCost"":0.097,""costUnit"":""each"",""lineCost"":0.097,""missing"":false},{""kind"":""ingredient"",""name"":""greeno lid flat with hole 20 oz pe pet"",""qty"":1,""unit"":""each"",""unitCost"":0.006495454545454546,""costUnit"":""each"",""lineCost"":0.006495454545454546,""missing"":false},{""kind"":""ingredient"",""name"":""syrup hi-c fruit punch flashin"",""qty"":1,""unit"":""fl oz"",""unitCost"":26.09,""costUnit"":""gal"",""lineCost"":0.203828125,""missing"":false}]"
cmo72eoe9006s6ku9i77z95jd,Signature Slider Fries & Drink Combo,Combos,true,5,2.73808746385925,false,,0,[],"[{""kind"":""component"",""name"":""Double Slider"",""qty"":1,""unit"":""serving"",""unitCost"":1.3759038612100913,""lineCost"":1.3759038612100913,""missing"":false},{""kind"":""component"",""name"":""Straight Cut Fries"",""qty"":1,""unit"":""serving"",""unitCost"":0.7380837037037037,""lineCost"":0.7380837037037037,""missing"":false},{""kind"":""component"",""name"":""Extra Chris N Eddy's Sauce"",""qty"":1,""unit"":""serving"",""unitCost"":0.6049444444,""lineCost"":0.6049444444,""missing"":false},{""kind"":""ingredient"",""name"":""chrsned bag plas tshirt logo ptsbchrisneddy"",""qty"":1,""unit"":""each"",""unitCost"":0.005865454545454545,""costUnit"":""each"",""lineCost"":0.005865454545454545,""missing"":false},{""kind"":""ingredient"",""name"":""napkin dispenser 2-ply 8.5 x 6.5 white"",""qty"":2,""unit"":""each"",""unitCost"":0.006645,""costUnit"":""each"",""lineCost"":0.01329,""missing"":false}]"
cmo73d4m70000c2u9k1ydmbdm,Single Patty,A La Carte,true,1,0.4050005417161568,false,,0,[],"[{""kind"":""ingredient"",""name"":""ground beef fine grnd 73/27 creekstone"",""qty"":1.5,""unit"":""oz"",""unitCost"":4.3200057783056725,""costUnit"":""lb"",""lineCost"":0.4050005417161568,""missing"":false}]"
cmo73d4zp0003c2u9nxdnyg1f,Mexican Sprite 500ml,Drinks,true,1,1.7920833333333333,false,,0,[],"[{""kind"":""ingredient"",""name"":""soda sprite mexican glass crv inc"",""qty"":500,""unit"":""ml"",""unitCost"":0.0035841666666666665,""costUnit"":""ml"",""lineCost"":1.7920833333333333,""missing"":false}]"
cmo73d5cg0006c2u9svwqh2no,2 Grilled Cheeses and Fries,Combos,true,5,2.5669341582047136,false,,0,[],"[{""kind"":""component"",""name"":""Grilled Cheese"",""qty"":2,""unit"":""serving"",""unitCost"":0.5990527777777778,""lineCost"":1.1981055555555555,""missing"":false},{""kind"":""component"",""name"":""Straight Cut Fries"",""qty"":1,""unit"":""serving"",""unitCost"":0.7380837037037037,""lineCost"":0.7380837037037037,""missing"":false},{""kind"":""component"",""name"":""Extra Chris N Eddy's Sauce"",""qty"":1,""unit"":""serving"",""unitCost"":0.6049444444,""lineCost"":0.6049444444,""missing"":false},{""kind"":""ingredient"",""name"":""chrsned bag plas tshirt logo ptsbchrisneddy"",""qty"":1,""unit"":""each"",""unitCost"":0.005865454545454545,""costUnit"":""each"",""lineCost"":0.005865454545454545,""missing"":false},{""kind"":""ingredient"",""name"":""napkin dispenser 2-ply 8.5 x 6.5 white"",""qty"":3,""unit"":""each"",""unitCost"":0.006645,""costUnit"":""each"",""lineCost"":0.019935,""missing"":false}]"
cmo71zytd004fibu94nttj52v,Mexican Coke 500ml,Drinks,true,1,1.9404166666666667,false,,0,[],"[{""kind"":""ingredient"",""name"":""soda coke mexican glass"",""qty"":500,""unit"":""ml"",""unitCost"":0.0038808333333333334,""costUnit"":""ml"",""lineCost"":1.9404166666666667,""missing"":false}]"
cmo71zz1m004hibu94urhvn8h,Mexican Fanta 500ml,Drinks,true,1,1.7920833333333333,false,,0,[],"[{""kind"":""ingredient"",""name"":""soda orange fanta mexican glass"",""qty"":500,""unit"":""ml"",""unitCost"":0.0035841666666666665,""costUnit"":""ml"",""lineCost"":1.7920833333333333,""missing"":false}]"
cmo71zza2004jibu9xqu33lng,Water,Drinks,true,1,0.27942857142857136,false,,0,[],"[{""kind"":""ingredient"",""name"":""water crystal geyser spring"",""qty"":16.9,""unit"":""oz"",""unitCost"":0.016534234995773455,""costUnit"":""oz"",""lineCost"":0.27942857142857136,""missing"":false}]"
cmo74ec6j01yu0fu9iqnx092r,Combo 0,Combos,true,1,2.5669341582047136,false,,0,[],"[{""kind"":""component"",""name"":""2 Grilled Cheeses and Fries"",""qty"":1,""unit"":""serving"",""unitCost"":2.5669341582047136,""lineCost"":2.5669341582047136,""missing"":false}]"
cmo71zzma004libu9ytmb5u9u,Vanilla Shake (20 oz cup),Shakes,true,3,1.6342954545454547,false,,0,[],"[{""kind"":""ingredient"",""name"":""whole class ice cream mix soft serve vanilla 5%"",""qty"":15.36,""unit"":""oz"",""unitCost"":0.09966145833333334,""costUnit"":""oz"",""lineCost"":1.5308000000000002,""missing"":false},{""kind"":""ingredient"",""name"":""greeno cup pet 20 oz c&d pet"",""qty"":1,""unit"":""each"",""unitCost"":0.097,""costUnit"":""each"",""lineCost"":0.097,""missing"":false},{""kind"":""ingredient"",""name"":""greeno lid flat with hole 20 oz pe pet"",""qty"":1,""unit"":""each"",""unitCost"":0.006495454545454546,""costUnit"":""each"",""lineCost"":0.006495454545454546,""missing"":false}]"
cmo720057004pibu9u7tpqjrx,Chocolate Shake (20 oz cup),Shakes,true,4,1.7951548295454547,false,,0,[],"[{""kind"":""ingredient"",""name"":""whole class ice cream mix soft serve vanilla 5%"",""qty"":15.36,""unit"":""oz"",""unitCost"":0.09966145833333334,""costUnit"":""oz"",""lineCost"":1.5308000000000002,""missing"":false},{""kind"":""ingredient"",""name"":""lyon medium syrup chocolate free flow"",""qty"":1,""unit"":""fl oz"",""unitCost"":20.59,""costUnit"":""gal"",""lineCost"":0.160859375,""missing"":false},{""kind"":""ingredient"",""name"":""greeno cup pet 20 oz c&d pet"",""qty"":1,""unit"":""each"",""unitCost"":0.097,""costUnit"":""each"",""lineCost"":0.097,""missing"":false},{""kind"":""ingredient"",""name"":""greeno lid flat with hole 20 oz pe pet"",""qty"":1,""unit"":""each"",""unitCost"":0.006495454545454546,""costUnit"":""each"",""lineCost"":0.006495454545454546,""missing"":false}]"
cmo7200qc004uibu92v6gidlr,Strawberry Shake (20 oz cup),Shakes,true,4,1.8055063920454546,false,,0,[],"[{""kind"":""ingredient"",""name"":""whole class ice cream mix soft serve vanilla 5%"",""qty"":15.36,""unit"":""oz"",""unitCost"":0.09966145833333334,""costUnit"":""oz"",""lineCost"":1.5308000000000002,""missing"":false},{""kind"":""ingredient"",""name"":""lyon medium syrup strawberry rtu"",""qty"":1,""unit"":""fl oz"",""unitCost"":21.915,""costUnit"":""gal"",""lineCost"":0.1712109375,""missing"":false},{""kind"":""ingredient"",""name"":""greeno cup pet 20 oz c&d pet"",""qty"":1,""unit"":""each"",""unitCost"":0.097,""costUnit"":""each"",""lineCost"":0.097,""missing"":false},{""kind"":""ingredient"",""name"":""greeno lid flat with hole 20 oz pe pet"",""qty"":1,""unit"":""each"",""unitCost"":0.006495454545454546,""costUnit"":""each"",""lineCost"":0.006495454545454546,""missing"":false}]"
cmo72em6p00646ku9vs2nrz7o,Side of Yellow Chilies,On The Side,true,3,0.229632,false,,0,[],"[{""kind"":""ingredient"",""name"":""peppers whole yellow"",""qty"":2.5,""unit"":""each"",""unitCost"":0.0814,""costUnit"":""each"",""lineCost"":0.20350000000000001,""missing"":false},{""kind"":""ingredient"",""name"":""cup portion plastic 2 oz clear"",""qty"":1,""unit"":""each"",""unitCost"":0.011132,""costUnit"":""each"",""lineCost"":0.011132,""missing"":false},{""kind"":""ingredient"",""name"":""lid portion plastic 1.5, 2, 2.5 oz"",""qty"":1,""unit"":""each"",""unitCost"":0.015,""costUnit"":""each"",""lineCost"":0.015,""missing"":false}]"
cmo72en9o006e6ku9tawnkg3q,The Family Box,Combos,true,1,8.241272650138683,false,,0,[],"[{""kind"":""component"",""name"":""2 Slider Combo"",""qty"":2,""unit"":""serving"",""unitCost"":4.120636325069341,""lineCost"":8.241272650138683,""missing"":false}]"
cmo72enph006j6ku91sb1vphf,The Triple Pack,Combos,true,5,5.496540186279433,false,,0,[],"[{""kind"":""component"",""name"":""Double Slider"",""qty"":3,""unit"":""serving"",""unitCost"":1.3759038612100913,""lineCost"":4.1277115836302745,""missing"":false},{""kind"":""component"",""name"":""Straight Cut Fries"",""qty"":1,""unit"":""serving"",""unitCost"":0.7380837037037037,""lineCost"":0.7380837037037037,""missing"":false},{""kind"":""component"",""name"":""Extra Chris N Eddy's Sauce"",""qty"":1,""unit"":""serving"",""unitCost"":0.6049444444,""lineCost"":0.6049444444,""missing"":false},{""kind"":""ingredient"",""name"":""chrsned bag plas tshirt logo ptsbchrisneddy"",""qty"":1,""unit"":""each"",""unitCost"":0.005865454545454545,""costUnit"":""each"",""lineCost"":0.005865454545454545,""missing"":false},{""kind"":""ingredient"",""name"":""napkin dispenser 2-ply 8.5 x 6.5 white"",""qty"":3,""unit"":""each"",""unitCost"":0.006645,""costUnit"":""each"",""lineCost"":0.019935,""missing"":false}]"
cmo73d4vi0002c2u9phd5q3iy,The Reverse Bun,Secret Menu,true,0,0,false,0,0,[],[]
cmo73d5860005c2u9y71gb4nq,Minute Maid (20 oz cup),Drinks,true,0,0.3,false,0.3,0,[],[]
cmo73d61j000cc2u9iwzfa68x,Mod: Make Halal,Modifier,false,0,0,false,0,0,[],[]
cmo73d65p000dc2u9mev9pvg0,Mod: No Salt,Modifier,false,0,0,false,0,0,[],[]
cmo73d69q000ec2u9uu2q2l3w,Mod: Light Onions,Modifier,false,0,0,false,0,0,[],[]
cmo73d6dv000fc2u9h50s4dxh,Mod: Reverse Bun,Modifier,false,0,0,false,0,0,[],[]
cmo73d6hu000gc2u9l7ha7xib,Mod: Loaded Plain (Cheese & Sauce Only),Modifier,false,0,-0.0701,false,-0.0701,0,[],[]
cmo73na0u0000m8u94248ygm3,Mod: Chris's Way (Sub Grilled Onions),Modifier,false,4,0.208920625,true,,1,"[""Mod: Add Tomato""]","[{""kind"":""component"",""name"":""Mod: Add Lettuce"",""qty"":1,""unit"":""serving"",""unitCost"":0.075,""lineCost"":0.075,""missing"":false},{""kind"":""component"",""name"":""Mod: Add Tomato"",""qty"":1,""unit"":""serving"",""unitCost"":0,""lineCost"":0,""missing"":true},{""kind"":""component"",""name"":""Mod: Add Grilled Onion"",""qty"":1,""unit"":""serving"",""unitCost"":0.0350925,""lineCost"":0.0350925,""missing"":false},{""kind"":""component"",""name"":""Mod: Add Sauce"",""qty"":1,""unit"":""serving"",""unitCost"":0.098828125,""lineCost"":0.098828125,""missing"":false}]"
cmo74fc8402e20fu9pptw2oaa,Value Combo,Combos,true,1,2.73808746385925,false,,0,[],"[{""kind"":""component"",""name"":""1 Slider Combo"",""qty"":1,""unit"":""serving"",""unitCost"":2.73808746385925,""lineCost"":2.73808746385925,""missing"":false}]"
cmob9lgwi037ljcu9wlm9i8i7,Extra Side of Chilies,A La Carte,true,1,0.229632,false,,0,[],"[{""kind"":""component"",""name"":""Side of Yellow Chilies"",""qty"":1,""unit"":""serving"",""unitCost"":0.229632,""lineCost"":0.229632,""missing"":false}]"
cmob9m1qt037qjcu9ko9hg9mh,Add Extra Cheese,A La Carte,true,1,0.240625,false,,0,[],"[{""kind"":""component"",""name"":""Add Cheese"",""qty"":1,""unit"":""serving"",""unitCost"":0.240625,""lineCost"":0.240625,""missing"":false}]"
cmohpw95g000004l4gxvu6eor,Extra Side of Pickles,A La Carte,true,1,0.036,false,,0,[],"[{""kind"":""ingredient"",""name"":""pickle chips sandwich cut 1/8\"""",""qty"":1,""unit"":""EA"",""unitCost"":0.036,""costUnit"":""each"",""lineCost"":0.036,""missing"":false}]"